,SOFR_OIS_1M,SOFR_OIS_2M,SOFR_OIS_3M,SOFR_OIS_6M,SOFR_OIS_9M,SOFR_OIS_12M,SOFR_OIS_18M,SOFR_OIS_24M
2018-04-02,,,1.7231,,,2.34832,,
2018-04-03,1.7239,1.7244,1.7271,,,2.38682,,
2018-04-04,1.7289,1.7287,1.7321,,,2.41536,,
2018-04-05,1.72935,1.7287,1.73455,,,2.44732,,
2018-04-06,1.7294,1.7294,1.7316,,,2.37537,,
2018-04-09,1.7289,1.7294,1.7301,,,2.3765,,
2018-04-10,1.7299,1.7297,1.7351,,,2.40246,,
2018-04-11,1.7279,1.7297,1.7351,,,2.39014,,
2018-04-12,,,1.7361,,,2.44249,,
2018-04-13,,,1.7381,,,2.42447,,
2018-04-16,1.7339,1.7277,1.7351,,,2.41574,,
2018-04-17,1.7364,1.7302,1.7371,,,2.42083,,
2018-04-18,1.7379,1.7317,1.7411,,,2.4572,,
2018-04-19,1.7399,1.7337,1.7381,,,2.4986,,
2018-04-20,1.72775,1.7337,1.7406,,,2.55392,,
2018-04-23,1.7369,1.7382,1.7431,,,2.55896,,
2018-04-24,1.7329,1.7387,1.7471,,,2.58596,,
2018-04-25,1.7304,1.7427,1.7521,,,2.61675,,
2018-04-26,1.73815,1.7442,1.7481,,,2.57318,,
2018-04-27,1.7468,,1.7531,,,2.5499,,
2018-04-30,1.75,1.7522,1.7581,,,,,
2018-05-01,1.7504,1.7509,1.7561,,,2.55644,,
2018-05-02,1.7479,1.7487,1.7521,,,2.56525,,
2018-05-03,1.74435,1.74445,1.7481,,,2.5418,,
2018-05-04,1.74435,1.7457,1.7511,,,2.54637,,
2018-05-07,1.74435,,1.7551,,,2.55083,,
2018-05-08,1.7489,1.7487,1.7551,,,2.57309,,
2018-05-09,1.7489,1.7487,1.7491,,,2.59714,,
2018-05-10,1.7474,1.747,1.7511,,,2.57429,,
2018-05-11,1.74685,1.74525,1.7511,,,2.57301,,
2018-05-14,1.7456,1.74565,1.7501,,,2.62199,,
2018-05-15,1.7454,1.7462,1.7501,,,2.71391,,
2018-05-16,1.7464,1.7447,1.7511,,,2.73522,,
2018-05-17,1.7449,1.7437,1.7491,,,2.74212,,
2018-05-18,1.7449,1.7447,1.7561,,,2.68877,,
2018-05-21,,,1.7521,,,2.69506,,
2018-05-22,1.7504,,1.7531,,,2.68603,,
2018-05-23,1.7464,,1.7601,,,2.62027,,
2018-05-24,1.7404,,1.8091,,,2.59426,,
2018-05-25,,,1.8071,,,2.56149,,
2018-05-28,1.7439,,,,,,,
2018-05-29,1.7419,1.7457,1.8131,,,2.41582,,
2018-05-30,1.7439,1.7572,1.8291,,,2.4754,,
2018-05-31,1.7479,1.8027,1.8581,,,2.49262,,
2018-06-01,1.7479,1.8207,1.8691,,,2.52744,,
2018-06-04,1.7429,1.8357,1.8841,,,2.56662,,
2018-06-05,1.7394,1.84845,1.8961,,,2.55631,,
2018-06-06,1.7724,1.8652,1.9041,,,2.59483,,
2018-06-07,1.8699,1.9117,1.9311,,,,,
2018-06-08,1.8628,,1.9371,,,2.57799,,
2018-06-11,1.9266,1.9415,1.9531,,,2.58645,,
2018-06-12,1.95595,1.9567,1.9621,,,2.59449,,
2018-06-13,1.95605,1.9567,1.9531,,,2.61128,,
2018-06-14,1.9519,1.9427,1.9501,,,2.57991,,
2018-06-15,1.9459,1.9462,1.9541,,,2.56929,,
2018-06-18,1.9484,1.94885,1.9541,,,2.57023,,
2018-06-19,1.9494,1.9477,1.9571,,,2.5563,,
2018-06-20,1.9664,1.9602,1.9731,,,2.58771,,
2018-06-21,1.9759,1.9727,1.9841,,,2.55736,,
2018-06-22,1.9709,1.97365,1.9781,,,2.5603,,
2018-06-25,1.9654,1.9712,1.9721,,,2.54277,,
2018-06-26,1.9659,1.9667,1.9731,,,2.54405,,
2018-06-27,1.9639,1.96615,1.9691,,,2.49465,,
2018-06-28,1.9604,1.9607,1.9691,,,2.49949,,
2018-06-29,1.9607,,1.9691,,,2.51858,,
2018-07-02,1.9604,1.9602,1.9666,,,2.52898,,
2018-07-03,1.9589,1.9587,1.9641,,,2.4873,,
2018-07-05,1.95915,1.9594,1.9636,,,2.48998,,
2018-07-06,1.95825,1.9584,1.9611,,,2.48116,,
2018-07-09,1.95565,1.9558,1.9551,,,2.51783,,
2018-07-10,1.95385,1.9547,1.9541,,,2.50956,,
2018-07-11,1.9527,1.95285,1.9601,,,2.50545,,
2018-07-12,1.9532,1.95335,1.9561,,,2.49868,,
2018-07-13,1.9539,1.9537,1.9611,,,2.47762,,
2018-07-16,1.95595,1.9562,1.9671,,,2.50352,,
2018-07-17,1.9532,1.9592,1.9661,,,2.51232,,
2018-07-18,1.9579,1.9587,1.9651,,,2.52569,,
2018-07-19,1.95565,,1.9621,,,2.5015,,
2018-07-20,1.95565,,1.9591,,,2.55898,,
2018-07-23,1.95815,1.9527,1.9661,,,,,
2018-07-24,1.9554,,1.9631,,,2.6181,,
2018-07-25,1.9542,1.9572,1.9631,,,2.64665,,
2018-07-26,1.9592,,1.9676,,,,,
2018-07-27,1.9595,1.9602,1.9661,,,2.64201,,
2018-07-30,1.9598,,1.9651,,,,,
2018-07-31,1.9582,,1.9631,,,2.65143,,
2018-08-01,1.9569,1.9567,1.9626,,,2.68964,,
2018-08-02,1.9539,1.9547,1.9586,,,2.66777,,
2018-08-03,1.9537,,1.9591,,,2.63643,,
2018-08-06,1.9547,,1.9581,,,2.62344,,
2018-08-07,1.9524,1.9532,1.9581,,,,,
2018-08-08,1.9519,1.9517,1.9551,,,2.63242,,
2018-08-09,1.9509,1.9507,1.9541,,,2.60537,,
2018-08-10,1.9519,1.9517,1.9551,,,2.55792,,
2018-08-13,1.9519,1.9517,1.9576,,,2.57096,,
2018-08-14,1.9509,1.9507,1.9556,,,,,
2018-08-15,1.9499,1.9507,1.9556,,,2.55122,,
2018-08-16,1.9548,1.9567,1.9611,,,,,
2018-08-17,1.95565,1.9558,1.9591,,,2.54902,,
2018-08-20,1.9557,1.9557,1.9611,,,2.51214,,
2018-08-21,1.9549,1.9557,1.9596,,,,,
2018-08-22,1.9569,1.9558,1.9596,,,2.51752,,
2018-08-23,1.95945,1.9587,1.9681,,,,,
2018-08-24,1.9649,1.96425,1.9691,,,2.51446,,
2018-08-27,1.9597,1.9632,1.9641,,,2.54557,,
2018-08-28,1.9589,1.9607,1.9641,,,2.57238,,
2018-08-29,1.9589,1.9607,1.9641,,,2.57251,,
2018-08-30,1.96065,1.9607,1.9641,,,2.54322,,
2018-08-31,1.9599,1.9607,1.9641,,,2.5399,,
2018-09-03,1.96065,,,,,,,
2018-09-04,1.95815,1.9577,1.9611,,,2.57702,,
2018-09-05,1.96015,1.9603,1.9731,,,2.57792,,
2018-09-06,1.96015,1.9597,2.0111,,,2.56812,,
2018-09-07,1.9557,1.96035,2.0181,,,2.64167,,
2018-09-10,1.9569,1.9577,2.0301,,,2.62417,,
2018-09-11,1.9557,1.9597,2.0411,,,2.6701,,
2018-09-12,1.9564,1.97795,2.0571,,,2.66182,,
2018-09-13,1.9599,2.0287,2.0991,,,2.6759,,
2018-09-14,1.9604,,2.1051,,,2.70585,,
2018-09-17,1.9544,2.0637,2.1151,,,,,
2018-09-18,1.9644,2.0827,2.1311,,,2.76569,,
2018-09-19,2.0054,2.1077,2.1511,,,2.77815,,
2018-09-20,2.0994,2.1627,2.1826,,,2.7833,,
2018-09-21,2.1359,2.1747,2.1931,,,2.77139,,
2018-09-24,2.1654,2.1917,2.2011,,,,,
2018-09-25,2.2074,2.2132,2.2151,,,,,
2018-09-26,2.2164,2.2107,2.2231,,,2.74713,,
2018-09-27,2.2195,2.2197,2.2241,,,,,
2018-09-28,2.2184,2.2232,2.2241,,,,,
2018-10-01,2.22335,2.2242,2.2291,,,2.78532,,
2018-10-02,2.2264,2.2262,2.2321,,,2.76842,,
2018-10-03,2.2294,,2.2351,,,2.87798,,
2018-10-04,2.22825,2.2307,2.2361,,,2.88803,,
2018-10-05,2.22575,2.2282,2.2331,,,2.93016,,
2018-10-08,2.22575,,,,,,,
2018-10-09,2.2284,2.2282,2.2341,,,2.91418,,
2018-10-10,2.2244,2.226,2.2301,,,2.86316,,
2018-10-11,2.22575,2.22605,2.2311,,,2.84497,,
2018-10-12,2.2244,,2.2341,,,2.84978,,
2018-10-15,2.22575,2.2287,2.2341,,,2.85196,,
2018-10-16,2.22575,2.2257,2.2291,,,2.86096,,
2018-10-17,2.22935,2.226,2.2351,,,2.89502,,
2018-10-18,2.23075,2.2392,2.2351,,,2.86819,,
2018-10-19,2.23075,2.2377,2.2461,,,2.86517,,
2018-10-22,2.23075,2.2382,2.2431,,,2.87349,,
2018-10-23,2.23075,2.2387,2.2436,,,2.86052,,
2018-10-24,2.23575,2.2402,2.2451,,,2.79293,,
2018-10-25,2.2383,2.2402,2.2441,,,2.80455,,
2018-10-26,2.23825,2.2385,2.2431,,,2.75822,,
2018-10-29,2.24075,,2.2461,,,2.78437,,
2018-10-30,2.24075,2.2407,2.2441,,,2.82402,,
2018-10-31,2.2409,2.2417,2.2471,,,2.84306,,
2018-11-01,2.24315,2.2417,2.2461,,,,,
2018-11-02,2.24165,,2.2471,,,2.91048,,
2018-11-05,2.2394,2.2392,2.2451,,,2.89756,,
2018-11-06,2.2424,2.2432,2.2481,,,2.92422,,
2018-11-07,2.24255,2.2432,2.2481,,,2.93407,,
2018-11-08,2.24235,2.24265,2.2511,,,2.93599,,
2018-11-09,2.2484,2.2482,2.2521,,,2.89234,,
2018-11-13,2.2459,2.24645,2.2471,,,2.85328,,
2018-11-14,2.2439,2.2437,2.2471,,,2.84648,,
2018-11-15,2.2432,2.2432,2.2481,,,2.83495,,
2018-11-16,2.2419,2.2417,2.2431,,,2.77308,,
2018-11-19,2.2414,2.2426,2.2481,,,2.76647,,
2018-11-20,2.24075,2.2407,2.2461,,,2.77221,,
2018-11-21,,,2.2501,,,2.77349,,
2018-11-22,,,2.2531,,,,,
2018-11-23,,,2.2541,,,2.74863,,
2018-11-26,2.2436,2.24745,2.2451,,,2.75227,,
2018-11-27,2.24395,2.2437,2.2441,,,2.75449,,
2018-11-28,2.24505,2.24695,2.2591,,,2.76143,,
2018-11-29,2.2445,2.2467,2.2911,,,2.73723,,
2018-11-30,2.247,2.2473,2.3031,,,2.71271,,
2018-12-03,2.24325,2.2467,2.3151,,,2.69885,,
2018-12-04,2.24325,2.2467,2.3231,,,2.63945,,
2018-12-05,2.24325,,2.3231,,,,,
2018-12-06,,,,,,2.62927,,
2018-12-07,2.252,2.3212,2.3521,,,2.55483,,
2018-12-10,2.24325,2.3182,2.3501,,,2.55039,,
2018-12-11,2.24075,2.3362,2.3631,,,2.57335,,
2018-12-12,2.2684,,2.3761,,,2.60269,,
2018-12-13,2.3439,2.3887,2.4021,,,2.61197,,
2018-12-14,2.3742,,2.4071,,,2.58874,,
2018-12-17,2.38755,,2.4031,,,2.55919,,
2018-12-18,2.4183,,,,,2.50837,,
2018-12-19,2.4472,2.4227,2.4441,,,2.44806,,
2018-12-20,2.4468,2.4407,2.4461,,,,,
2018-12-21,2.45005,,2.4471,,,2.50785,,
2018-12-24,,,2.4471,,,,,
2018-12-26,,,2.4461,,,,,
2018-12-27,2.4465,,2.4471,,,,,
2018-12-28,2.4408,,2.4441,,,2.45159,,
2018-12-31,2.4409,,2.4481,,,,,
2019-01-01,2.4409,,2.4481,,,,,
2019-01-02,2.4408,2.4412,2.4471,,,,,
2019-01-03,2.4408,2.4412,2.4461,,,,,
2019-01-04,2.4416,,2.4431,,,2.39415,,
2019-01-07,2.4408,2.4412,2.4471,,,2.41181,,
2019-01-08,2.44335,2.44365,2.4471,,,2.44293,,
2019-01-09,2.44335,,2.4491,,,2.43025,,
2019-01-10,2.44335,,2.4501,,,2.45484,,
2019-01-11,2.44245,,2.4471,,,2.41056,,
2019-01-14,,,2.4471,,,2.41524,,
2019-01-15,2.44245,,2.4451,,,2.4267,,
2019-01-16,2.44325,,2.4461,,,2.43882,,
2019-01-17,2.44485,,2.4471,,,2.4614,,
2019-01-18,2.44255,,2.4471,,,2.5028,,
2019-01-22,2.44335,,2.4471,,,2.45262,,
2019-01-23,2.44345,2.44585,2.4501,,,2.45348,,
2019-01-24,2.4432,2.44415,2.4471,,,2.43378,,
2019-01-25,2.445,2.4457,2.4491,,,2.4752,,
2019-01-28,2.4432,2.4433,2.4471,,,2.46681,,
2019-01-29,2.4433,2.4437,2.4471,,,2.4358,,
2019-01-30,2.4428,2.4437,2.4471,,,2.40802,,
2019-01-31,2.4433,2.4437,2.4451,,,2.36214,,
2019-02-01,2.4383,2.4386,2.4451,,,2.41188,,
2019-02-04,2.4383,2.4386,2.4451,,,,,
2019-02-05,2.4383,2.4411,2.44515,,,2.42175,,
2019-02-06,2.4433,2.4411,2.4471,,,2.4162,,
2019-02-07,2.4369,2.4383,2.4431,,,,,
2019-02-08,2.4359,2.4377,2.4431,,,2.36022,,
2019-02-11,2.4387,2.4395,2.4451,,,,,
2019-02-12,2.44075,2.4411,2.4461,,,2.41661,,
2019-02-13,2.4379,2.439,2.4411,,,2.43259,,
2019-02-14,2.4395,2.4399,2.4401,,,2.39142,,
2019-02-15,2.43955,2.43995,2.4451,,,2.39844,,
2019-02-18,2.4374,2.4362,2.4411,,,,,
2019-02-19,2.43955,2.4399,2.4411,,,,,
2019-02-20,2.4408,2.4412,2.4411,,,2.38156,,
2019-02-21,2.4393,2.4403,2.4471,,,2.42344,,
2019-02-22,2.4404,2.441,2.4471,,,2.39203,,
2019-02-25,2.4417,2.4423,2.4511,,,2.39306,,
2019-02-26,2.4408,2.4412,2.4501,,,,,
2019-02-27,2.4408,2.4412,2.4501,,,,,
2019-02-28,2.4408,2.4437,2.4501,,,2.46066,,
2019-03-01,2.44,2.4407,2.4501,,,2.49292,,
2019-03-04,2.4424,2.4421,2.4501,,,,,
2019-03-05,2.44235,2.4421,2.4481,,,2.46606,,
2019-03-06,2.44,2.4408,2.4481,,,2.45113,,
2019-03-07,2.4394,2.4402,2.4451,,,2.40177,,
2019-03-08,2.4408,2.4406,2.4481,,,,,
2019-03-11,2.44,2.4408,2.4471,,,2.40207,,
2019-03-12,2.44,2.4407,2.4491,,,2.35676,,
2019-03-13,2.4408,2.4412,2.4471,,,2.37137,,
2019-03-14,2.4408,2.4433,2.4451,,,2.38333,,
2019-03-15,2.4408,2.4428,2.4461,,,2.34423,,
2019-03-18,2.4393,2.4424,2.4471,,,2.35489,,
2019-03-19,2.4416,2.4437,2.4471,,,2.3543,,
2019-03-20,2.4414,2.4433,2.4501,,,2.28107,,
2019-03-21,2.45385,2.4521,2.4531,,,,,
2019-03-22,2.45225,2.44935,2.4531,,,,,
2019-03-25,2.45185,2.44925,2.4481,,,,,
2019-03-26,2.4462,2.446,2.4481,,,,,
2019-03-27,2.44725,2.4456,2.4541,,,2.10979,,
2019-03-28,2.4458,2.4462,2.4521,,,,,
2019-03-29,2.4459,2.4462,2.4521,,,,,
2019-04-01,2.4483,2.4487,2.4551,,,2.24468,,
2019-04-02,2.4458,2.4462,2.4551,,,,,
2019-04-03,2.44595,2.4462,2.4551,,,,,
2019-04-04,2.4458,2.4462,2.4561,,,,,
2019-04-05,2.4468,2.44775,2.4551,,,2.23528,,
2019-04-08,2.4471,2.4475,2.45515,,,,,
2019-04-09,2.4508,2.4512,2.4561,,,,,
2019-04-10,2.4496,2.4499,2.4561,,,2.21221,,
2019-04-11,2.4496,2.4499,2.4541,,,,,
2019-04-12,2.4496,2.4499,2.4541,,,2.31585,,
2019-04-15,2.4496,2.4499,2.4541,,,,,
2019-04-16,2.4496,2.4499,2.4581,,,,,
2019-04-17,2.4496,2.4503,2.4631,,,2.35162,,
2019-04-18,2.4588,2.4579,2.4601,,,,,
2019-04-19,,2.4579,2.4601,,,,,
2019-04-22,2.47085,2.46855,2.4671,,,,,
2019-04-23,2.4708,2.4672,2.4721,,,,,
2019-04-24,2.4687,2.46285,2.4661,,,2.26965,,
2019-04-25,2.4654,2.4631,2.4691,,,2.28975,,
2019-04-26,2.463,2.46155,2.4721,,,2.25717,,
2019-04-29,2.4603,2.4602,2.4651,,,,,
2019-04-30,2.4581,2.4594,2.4661,,,,,
2019-05-01,2.4361,2.43635,2.4421,,,,,
2019-05-02,2.4444,2.4432,2.4491,,,,,
2019-05-03,2.4383,2.4387,2.4391,,,2.2703,,
2019-05-06,2.4335,2.4339,2.4342,,,2.2066,,
2019-05-07,2.4323,2.4327,2.433,,,2.1973,,
2019-05-08,2.4299,2.4302,2.4306,,,2.2221,,
2019-05-09,2.4257,2.426,2.4263,,,2.1808,,
2019-05-10,2.4188,2.4191,2.4195,,,2.2092,,
2019-05-13,2.418,2.4182,2.4,,,2.142,,
2019-05-14,2.4175,2.4178,2.4,,,2.1413,,
2019-05-15,2.433,2.4333,2.4336,,,2.094,,
2019-05-16,2.415,2.42,2.428,,,2.1028,,
2019-05-17,2.4316,2.4319,2.4323,,,2.118,,
2019-05-20,2.4314,2.431,2.423,,,2.1101,,
2019-05-21,2.4309,2.4312,2.4316,,,2.1476,,
2019-05-22,2.433,2.43,2.43,,,2.1458,,
2019-05-23,2.4344,2.4347,2.4349,,,2.0364,,
2019-05-24,2.4369,2.4372,2.4375,,,2.037,,
2019-05-27,2.436,2.4363,2.4366,,,2.0388,,
2019-05-28,2.4352,2.4355,2.4358,,,1.99295,,
2019-05-29,2.445,2.4452,2.4444,,,1.988,,
2019-05-30,2.445,2.445,2.4679,,,1.9444,,
2019-05-31,2.435,2.4882,2.4773,,,1.8589,,
2019-06-03,2.3966,2.4092,2.3892,,,1.8072,,
2019-06-04,2.3901,2.3965,2.3905,,,1.8771,,
2019-06-05,2.3815,2.3835,2.3801,,,1.8934,,
2019-06-06,2.3929,2.391,2.4407,,,1.8777,,
2019-06-07,2.3909,2.3763,2.4266,,,1.8442,,
2019-06-10,2.382,2.3775,2.4337,,,1.8925,,
2019-06-11,2.3801,2.397,2.445,,,1.913,,
2019-06-12,2.3734,2.3679,2.424,,,1.8498,,
2019-06-13,2.3795,2.4519,2.4192,,,1.8278,,
2019-06-14,2.32,2.4269,2.4058,,,1.7886,,
2019-06-17,2.3622,2.4449,2.4171,,,1.8112,,
2019-06-18,2.3355,2.4111,2.3885,,,1.7742,,
2019-06-19,2.383,2.4722,2.4466,,,1.7417,,
2019-06-20,2.5481,2.4693,2.4434,,,1.764,,
2019-06-21,2.5372,2.4576,2.4348,,,1.7821,,
2019-06-24,2.5566,2.476,2.4528,,,1.7281,,
2019-06-25,2.5383,2.445,2.4541,,,1.7239,,
2019-06-26,2.5754,2.4555,2.447,,,1.7517,,
2019-06-27,2.3977,2.3964,2.3997,,,1.7476,,
2019-06-28,2.3839,2.3897,2.3887,,,1.7557,,
2019-07-01,2.3236,2.435,2.4018,,,1.7772,,
2019-07-02,2.41005,2.41105,2.4169,,,1.7271,,
2019-07-03,2.41,2.411,2.413,,,1.6955,,
2019-07-04,2.41,2.411,2.4147,,,1.6911,,
2019-07-05,2.41005,2.41105,2.392,,,1.7728,,
2019-07-08,2.43,2.455,2.4063,,,1.7593,,
2019-07-09,2.43,2.465,2.4325,,,1.7895,,
2019-07-10,2.4188,2.3909,2.402,,,1.7786,,
2019-07-11,2.435,2.411,2.3495,,,1.874,,
2019-07-12,2.43,2.345,2.3368,,,1.8649,,
2019-07-15,2.35725,2.33005,2.3364,,,1.8309,,
2019-07-16,2.3853,2.3508,2.3257,,,1.8381,,
2019-07-17,2.3853,2.35,2.3234,,,1.7788,,
2019-07-18,2.445,2.32,2.2415,,,1.7415,,
2019-07-19,2.43,2.342,2.284,,,1.7623,,
2019-07-22,2.435,2.323,2.271,,,1.7646,,
2019-07-23,2.44,2.307,2.2405,,,1.7853,,
2019-07-24,2.373,2.28,2.2485,,,1.7564,,
2019-07-25,2.286,2.237,2.2173,,,1.7942,,
2019-07-26,2.263,2.23,2.2159,,,1.785,,
2019-07-29,2.193,2.191,2.1916,,,1.788,,
2019-07-30,2.16,2.185,2.17,,,1.763,,
2019-07-31,2.15,2.19,2.2023,,,1.7314,,
2019-08-01,2.205,2.23,2.2037,,,1.6077,,
2019-08-02,2.205,2.23,2.1902,,,1.5591,,
2019-08-05,2.175,2.2,2.1685,,,1.3993,,
2019-08-06,2.17,2.195,2.1735,,,1.424,,
2019-08-07,2.155,2.155,2.1536,,,1.4274,,
2019-08-08,2.165,2.16,2.1938,,,1.407,,
2019-08-09,2.16,2.165,2.1994,,,1.4063,,
2019-08-12,2.175,2.175,2.2043,,,1.3504,,
2019-08-13,2.175,2.175,2.1957,,,1.3786,,
2019-08-14,2.17,2.175,2.193,,,1.265,,
2019-08-15,2.16,2.195,2.1617,,,1.2168,,
2019-08-16,2.155,2.195,2.1607,,,1.233,,
2019-08-19,,,2.1874,,,1.2905,,
2019-08-20,2.16,2.2,2.187,,,1.2452,,
2019-08-21,2.16,2.185,2.159,,,1.2826,,
2019-08-22,2.2,2.19,2.185,,,1.2807,,
2019-08-23,2.2,2.175,2.157,,,1.251,,
2019-08-26,2.21,2.1825,2.17,,,1.239,,
2019-08-27,2.23,2.195,2.1431,,,1.1749,,
2019-08-28,2.235,2.205,2.135,,,1.155,,
2019-08-29,2.235,2.138,2.1017,,,1.1775,,
2019-08-30,2.235,2.2,2.0886,,,1.1667,,
2019-09-02,,,2.0744,,,1.1717,,
2019-09-03,2.17,2.135,2.075,,,1.127,,
2019-09-04,2.185,2.13,2.043,,,1.136,,
2019-09-05,2.19,2.098,2.05,,,1.2262,,
2019-09-06,2.215,2.092,2.0531,,,1.2177,,
2019-09-09,2.185,2.068,2.04051,,,1.3007,,
2019-09-10,2.155,2.065,2.0366,,,1.407,,
2019-09-11,2.122,2.06,2.044,,,1.3539,,
2019-09-12,2.06,2.022,1.989,,,1.4296,,
2019-09-13,2.065,2.068,2.0071,,,1.5587,,
2019-09-16,2.108,2.116,2.081,,,1.5028,,
2019-09-17,2.01,2.151,2.124,,,1.477,,
2019-09-18,2.2,2.19,2.0668,,,1.449,,
2019-09-19,2.015,2.187,2.139,,,1.4157,,
2019-09-20,1.975,2.054,1.9616,,,1.4157,,
2019-09-23,2.169,2.063,2.027,,,1.3382,,
2019-09-24,2.232,2.099,1.9986,,,1.3196,,
2019-09-25,2.159,2.057,2.027,,,1.3516,,
2019-09-26,2.057,1.989,1.9699,,,1.3461,,
2019-09-27,2.083,1.975,1.9174,,,1.3665,,
2019-09-30,,,1.8901,,,1.3595,,
2019-10-01,1.901,1.901,1.9048,,,1.3362,,
2019-10-02,1.901,1.901,1.9009,,,1.3093,,
2019-10-03,1.898,1.8975,1.8983,,,1.239,,
2019-10-04,1.872,1.872,1.8717,,,1.2439,,
2019-10-07,1.875,1.875,1.8728,,,1.284,,
2019-10-08,1.88,1.879,1.879,,,1.2462,,
2019-10-09,1.881,1.881,1.872,,,1.27,,
2019-10-10,1.88,1.88,1.843,,,1.378,,
2019-10-11,1.87,1.878,1.82,,,1.456,,
2019-10-14,1.923,1.929,1.8555,,,,,
2019-10-15,1.897,1.899,1.8199,,,1.497,,
2019-10-16,1.902,1.875,1.8043,,,1.4675,,
2019-10-17,1.89,1.82,1.7665,,,1.4683,,
2019-10-18,1.871,1.795,1.751,,,1.494,,
2019-10-21,1.917,1.806,1.7443,,,1.5339,,
2019-10-22,1.93,1.799,1.7436,,,1.5,,
2019-10-23,1.884,1.77,1.7255,,,1.4723,,
2019-10-24,1.7735,1.719,1.703,,,1.499,,
2019-10-25,1.69,1.675,1.67,,,1.5115,,
2019-10-28,1.7,1.676,1.666,,,1.564,,
2019-10-29,1.665,1.65,1.647,,,1.556,,
2019-10-30,1.615,1.615,1.6179,,,1.494,,
2019-10-31,1.608,1.608,1.6013,,,1.4012,,
2019-11-01,1.603,1.603,1.6091,,,1.444,,
2019-11-04,1.597,1.598,1.598,,,1.507,,
2019-11-05,1.597,1.597,1.5965,,,1.5787,,
2019-11-06,1.601,1.6,1.615,,,1.5402,,
2019-11-07,1.596,1.596,1.6132,,,1.6343,,
2019-11-08,1.589,1.59,1.6084,,,1.655,,
2019-11-11,1.6,1.6,1.6139,,,1.6237,,
2019-11-12,1.599,1.6,1.6202,,,1.652,,
2019-11-13,1.597,1.597,1.6172,,,1.599,,
2019-11-14,1.581,1.613,1.603,,,1.5202,,
2019-11-15,1.573,1.606,1.5891,,,1.5364,,
2019-11-18,1.59,1.594,1.5902,,,1.523,,
2019-11-19,1.571,1.603,1.593,,,1.48957,,
2019-11-20,1.578,1.598,1.5935,,,1.4598,,
2019-11-21,1.641,1.609,1.612,,,1.4733,,
2019-11-22,1.627,1.614,1.6033,,,1.478,,
2019-11-25,1.615,1.615,1.605,,,1.4651,,
2019-11-26,1.618,1.614,1.5946,,,1.465,,
2019-11-27,1.625,1.615,1.5977,,,1.494,,
2019-11-28,1.58,1.615,1.607,,,,,
2019-11-29,1.615,1.63,1.61,,,1.5122,,
2019-12-02,1.615,1.615,1.5749,,,1.555,,
2019-12-03,1.58,1.615,1.5672,,,1.4478,,
2019-12-04,1.605,1.59,1.5731,,,1.517,,
2019-12-05,1.635,1.597,1.593,,,1.5433,,
2019-12-06,1.635,1.625,1.5954,,,1.584,,
2019-12-09,1.66,1.63,1.6672,,,1.566,,
2019-12-10,1.63,1.595,1.6729,,,1.5792,,
2019-12-11,1.635,1.595,1.6841,,,1.531,,
2019-12-12,1.615,1.615,1.659,,,1.6144,,
2019-12-13,1.605,1.605,1.6585,,,1.563,,
2019-12-16,1.57,1.65,1.6652,,,1.6265,,
2019-12-17,1.575,1.679,1.666,,,1.639,,
2019-12-18,1.5654,1.649,1.62,,,1.678,,
2019-12-19,1.5505,1.643,1.641,,,1.68,,
2019-12-20,1.54,1.648,1.595,,,1.685,,
2019-12-23,1.7424,1.6794,1.6419,,,1.694,,
2019-12-24,1.737,1.651,1.6095,,,1.674,,
2019-12-25,1.5848,1.5932,1.6095,,,,,
2019-12-26,1.73,1.6615,1.62,,,1.6605,,
2019-12-27,1.6164,1.5869,1.581,,,1.647,,
2019-12-30,1.567,1.5651,1.5563,,,1.658,,
2019-12-31,1.551,1.555,1.552,,,1.71425,,
2020-01-01,1.551,,1.5518,,,,,
2020-01-02,1.547,1.548,1.5443,,,1.663,,
2020-01-03,1.5485,1.553,1.5509,,,1.562,,
2020-01-06,1.5555,1.56,1.5634,,,1.5665,,
2020-01-07,1.56675,1.563,1.6381,,,1.579,,
2020-01-08,1.5615,1.558,1.5611,,,1.638,,
2020-01-09,1.56,1.562,1.5753,,,1.6205,,
2020-01-10,1.568,1.5664,1.5794,,,1.589,,
2020-01-13,1.562,1.5585,1.5815,,,1.61,,
2020-01-14,1.54375,1.5559,1.5736,,,1.582,,
2020-01-15,1.5535,1.557,1.5742,,,1.56,,
2020-01-16,1.5478,1.5729,1.5721,,,1.5673,,
2020-01-17,1.5462,1.5753,1.5751,,,1.59125,,
2020-01-20,1.5467,1.5753,1.5748,,,1.5673,,
2020-01-21,1.5355,1.5855,1.5716,,,1.543,,
2020-01-22,1.5478,1.573,1.5725,,,1.531,,
2020-01-23,1.5953,1.5823,1.5778,,,1.4794,,
2020-01-24,1.6245,1.5975,1.5787,,,1.449,,
2020-01-27,1.598,1.597,1.5816,,,1.367,,
2020-01-28,1.596,1.5855,1.5851,,,1.4215,,
2020-01-29,1.6025,1.592,1.5885,,,1.356,,
2020-01-30,1.5771,1.5797,1.5839,,,1.352,,
2020-01-31,1.5773,1.5756,1.5786,,,1.2943,,
2020-02-03,1.5809,1.5835,1.5836,,,1.308,,
2020-02-04,1.5792,1.5825,1.5818,,,1.378,,
2020-02-05,1.583,1.5867,1.5845,,,1.442,,
2020-02-06,1.583,1.6602,1.6719,,,1.4335,,
2020-02-07,1.5744,1.5784,1.588,,,1.379,,
2020-02-10,1.576,1.575,1.5792,,,1.357,,
2020-02-11,1.5786,1.5771,1.5853,,,1.386,,
2020-02-12,1.5825,1.5759,1.5825,,,1.4159,,
2020-02-13,1.5813,1.5843,1.5826,,,1.3942,,
2020-02-14,1.5818,1.5847,1.5831,,,1.3538,,
2020-02-17,1.5824,1.5854,1.5838,,,1.356,,
2020-02-18,1.5795,1.5823,1.5806,,,1.3223,,
2020-02-19,1.5799,1.588,1.5832,,,1.313,,
2020-02-20,1.5884,1.5843,1.5835,,,1.2579,,
2020-02-21,1.5906,1.5867,1.5853,,,1.2058,,
2020-02-24,1.59325,1.5846,1.5839,,,1.1255,,
2020-02-25,1.5894,1.5871,1.587,,,1.1103,,
2020-02-26,1.5839,1.5781,1.5738,,,1.1207,,
2020-02-27,1.5715,1.5719,1.539,,,1.025,,
2020-02-28,1.506,1.4678,1.454,,,0.9215,,
2020-03-02,1.3987,1.3906,1.32,,,0.965,,
2020-03-03,1.1475,0.8746,1.049,,,0.787,,
2020-03-04,1.1735,1.1737,1.0591,,,0.8668,,
2020-03-05,1.1436,1.0197,0.9101,,,0.7348,,
2020-03-06,1.1229,0.9214,0.785,,,0.655,,
2020-03-09,0.7066,0.5303,0.575,,,0.4084,,
2020-03-10,0.701,0.76,0.728,,,0.619,,
2020-03-11,0.8083,0.5518,0.4716,,,0.6662,,
2020-03-12,0.474,0.2821,0.264,,,0.614,,
2020-03-13,0.3416,0.2659,0.238,,,0.719,,
2020-03-16,0.1367,0.1476,0.146,,,0.5557,,
2020-03-17,0.1434,0.1548,0.1534,,,0.6335,,
2020-03-18,0.1406,0.159,0.1601,,,0.8373,,
2020-03-19,0.1093,0.1137,0.11,,,0.7406,,
2020-03-20,0.3075,0.2017,0.1607,,,0.5665,,
2020-03-23,0.119,0.0701,0.0645,,,0.456,,
2020-03-24,0.0546,0.0542,0.0559,,,0.4961,,
2020-03-25,0.0415,0.042,0.0441,,,0.5658,,
2020-03-26,0.1045,0.0401,0.0415,,,0.546,,
2020-03-27,0.097,0.0675,0.0449,,,0.4605,,
2020-03-30,0.0409,0.0418,0.044,,,0.5086,,
2020-03-31,0.0424,0.058,0.0459,,,0.4969,,
2020-04-01,0.0421,0.0495,0.05,,,0.4593,,
2020-04-02,0.0511,0.0557,0.0553,,,0.4382,,
2020-04-03,0.0401,0.0438,0.0427,,,0.4344,,
2020-04-06,0.0389,0.0425,0.0418,,,0.4978,,
2020-04-07,0.049,0.039,0.0382,,,0.552,,
2020-04-08,0.0444,0.0449,0.0454,,,0.6087,,
2020-04-09,0.0544,0.0531,0.0555,,,0.612,,
2020-04-10,-0.02,0.0576,0.005,,,0.5957,,
2020-04-13,0.0561,0.0583,0.0624,,,0.6432,,
2020-04-14,0.0418,0.0427,0.054,,,0.6341,,
2020-04-15,0.0362,0.0368,0.0481,,,0.5014,,
2020-04-16,0.0352,0.0436,0.0522,,,0.4938,,
2020-04-17,0.0309,0.0389,0.0447,,,0.4699,,
2020-04-20,0.0167,0.0283,0.0341,,,0.464,,
2020-04-21,0.0053,0.0249,0.0319,,,0.4168,,
2020-04-22,0.0115,0.0291,0.0349,,,0.4394,,
2020-04-23,0.0311,0.0408,0.0478,,,0.4109,,
2020-04-24,0.0489,0.0474,0.0507,,,0.402,,
2020-04-27,0.0404,0.0427,0.0473,,,0.4586,,
2020-04-28,0.0385,0.0376,0.0411,,,0.4039,,
2020-04-29,0.016,0.016,0.0231,,,0.4287,,
2020-04-30,0.0212,0.0264,0.0243,,,0.4415,,
2020-05-01,0.0253,0.0314,0.0297,,,0.4129,,
2020-05-04,0.0285,0.032,0.031,,,0.4261,,
2020-05-05,0.0461,0.05,0.05,,,0.444,,
2020-05-06,0.0457,0.0574,0.0574,,,0.4552,,
2020-05-07,0.0763,0.0715,0.0732,,,0.393,,
2020-05-08,0.0722,0.0674,0.0687,,,0.4371,,
2020-05-11,0.0745,0.0699,0.0712,,,0.4467,,
2020-05-12,0.076,0.0706,0.0717,,,0.4084,,
2020-05-13,0.0536,0.0513,0.0533,,,0.3897,,
2020-05-14,0.0505,0.0548,0.0534,,,0.3635,,
2020-05-15,0.0456,0.0495,0.048,,,0.4107,,
2020-05-18,0.0473,0.0513,0.0498,,,0.507,,
2020-05-19,0.0422,0.0458,0.0441,,,0.4707,,
2020-05-20,0.04,0.041,0.0394,,,0.4681,,
2020-05-21,0.0115,0.0042,0.0188,,,0.4676,,
2020-05-22,0.0705,0.0697,0.0693,,,0.4607,,
2020-05-25,0.05,0.0634,0.065,,,0.461,,
2020-05-26,0.0972,0.0986,0.0902,,,0.5079,,
2020-05-27,0.0214,0.0254,0.044,,,0.4809,,
2020-05-28,0.05,0.0501,0.0605,,,0.4932,,
2020-05-29,0.055,0.0543,0.0587,,,0.4574,,
2020-06-01,0.0469,0.0608,0.0631,,,0.4658,,
2020-06-02,0.0545,0.0671,0.068,,,0.4919,,
2020-06-03,0.0534,0.0697,0.0718,,,0.5618,,
2020-06-04,0.0719,0.0776,0.0805,,,0.6272,,
2020-06-05,0.0797,0.0746,0.0799,,,0.6876,,
2020-06-08,0.0911,0.0871,0.0947,,,0.67,,
2020-06-09,0.088,0.0837,0.0913,,,0.6191,,
2020-06-10,0.07475,0.0802,0.0881,,,0.536,,
2020-06-11,0.1012,0.1102,0.1137,,,0.4638,,
2020-06-12,0.093,0.1049,0.1046,,,0.5029,,
2020-06-15,0.0982,0.1141,0.1104,,,0.5178,,
2020-06-16,0.0944,0.11,0.1062,,,0.5525,,
2020-06-17,0.0801,0.0975,0.0942,,,0.527,,
2020-06-18,0.0805,0.0952,0.091,,,0.4876,,
2020-06-19,0.1001,0.0946,0.0903,,,0.4778,,
2020-06-22,0.1136,0.0997,0.0951,,,0.504,,
2020-06-23,0.1067,0.0923,0.0899,,,0.5099,,
2020-06-24,0.0931,0.0817,0.0803,,,0.4746,,
2020-06-25,0.0801,0.0768,0.0781,,,0.4817,,
2020-06-26,0.0724,0.0726,0.075,,,0.4345,,
2020-06-29,0.0712,0.0713,0.0737,,,0.4109,,
2020-06-30,0.0689,0.0724,0.0711,,,0.4504,,
2020-07-01,0.077,0.078,0.0719,,,0.4684,,
2020-07-02,0.087,0.088,0.088,,,0.465,,
2020-07-03,0.085,0.086,0.086,,,0.483,,
2020-07-06,0.094,0.095,0.094,,,0.4684,,
2020-07-07,0.095,0.0926,0.0914,,,0.4249,,
2020-07-08,0.091,0.091,0.0905,,,0.4529,,
2020-07-09,0.0964,0.09,0.0933,,,0.4021,,
2020-07-10,0.0968,0.0932,0.0949,,,0.4423,,
2020-07-13,0.0896,0.0896,0.0915,,,0.4081,,
2020-07-14,0.099,0.0897,0.0915,,,0.4093,,
2020-07-15,0.098,0.089,0.0904,,,0.4228,,
2020-07-16,0.097,0.0924,0.0872,,,0.4109,,
2020-07-17,0.102,0.0918,0.0871,,,0.4247,,
2020-07-20,0.107,0.0936,0.0905,,,0.4032,,
2020-07-21,0.111,0.0963,0.1,,,0.3972,,
2020-07-22,0.1154,0.1087,0.1022,,,0.3942,,
2020-07-23,0.1065,0.094,0.0898,,,0.3875,,
2020-07-24,0.1048,0.0947,0.0942,,,0.3883,,
2020-07-27,0.0999,0.0916,0.0917,,,0.4205,,
2020-07-28,0.0985,0.09,0.09,,,0.3821,,
2020-07-29,0.0896,0.0857,0.087,,,0.3836,,
2020-07-30,0.08,0.0772,0.0792,,,0.3572,,
2020-07-31,0.0783,0.0804,0.0785,,,0.338,,
2020-08-03,0.0855,0.0882,0.0865,,,0.3685,,
2020-08-04,0.0826,0.0851,0.0833,,,0.3303,,
2020-08-05,0.0862,0.0849,0.0819,,,0.3739,,
2020-08-06,0.0783,0.0805,0.0786,,,0.3678,,
2020-08-07,0.0857,0.08,0.079,,,0.3951,,
2020-08-10,0.1036,0.0993,0.0989,,,0.4247,,
2020-08-11,0.1083,0.1044,0.1041,,,0.4889,,
2020-08-12,0.0952,0.0903,0.0897,,,0.5156,,
2020-08-13,0.0906,0.0907,0.0916,,,0.5448,,
2020-08-14,0.0955,0.0974,0.0971,,,0.5582,,
2020-08-17,0.0903,0.0917,0.0912,,,0.5288,,
2020-08-18,0.0977,0.0998,0.0996,,,0.5011,,
2020-08-19,0.0813,0.0794,0.0778,,,0.5155,,
2020-08-20,0.0741,0.074,0.0732,,,0.4955,,
2020-08-21,0.08,0.0775,0.0767,,,0.4836,,
2020-08-24,0.0731,0.0692,0.0696,,,0.4957,,
2020-08-25,0.0823,0.0808,0.082,,,0.5427,,
2020-08-26,0.0775,0.0753,0.0763,,,0.5344,,
2020-08-27,0.0699,0.0699,0.07,,,0.5375,,
2020-08-28,0.0738,0.0741,0.0738,,,0.6039,,
2020-08-31,0.0723,0.0732,0.0731,,,0.5843,,
2020-09-01,0.0694,0.0684,0.07,,,0.5438,,
2020-09-02,0.0818,0.0773,0.0759,,,0.534,,
2020-09-03,0.0717,0.0724,0.0725,,,0.5159,,
2020-09-04,0.09,0.085,0.0827,,,0.593,,
2020-09-07,0.1293,0.1085,0.088,,,0.5985,,
2020-09-08,0.0879,0.085,0.0855,,,0.5467,,
2020-09-09,0.0838,0.0822,0.0831,,,0.5678,,
2020-09-10,0.0817,0.0813,0.0826,,,0.552,,
2020-09-11,0.0858,0.0805,0.0802,,,0.5465,,
2020-09-14,0.077,0.0758,0.0769,,,0.547,,
2020-09-15,0.0788,0.0799,0.0788,,,0.552,,
2020-09-16,0.0807,0.079,0.077,,,0.5684,,
2020-09-17,0.0764,0.0773,0.0761,,,0.5575,,
2020-09-18,0.0797,0.0804,0.0792,,,0.5894,,
2020-09-21,0.075,0.076,0.0748,,,0.544,,
2020-09-22,0.0773,0.0742,0.0732,,,0.5525,,
2020-09-23,0.0851,0.079,0.0796,,,0.5503,,
2020-09-24,0.0771,0.0742,0.0761,,,0.5404,,
2020-09-25,0.0789,0.076,0.0777,,,0.537,,
2020-09-28,0.078,0.0762,0.0782,,,0.5438,,
2020-09-29,0.0757,0.0737,0.0756,,,0.545,,
2020-09-30,0.0815,0.0784,0.0748,,,0.5774,,
2020-10-01,0.0721,0.0743,0.0722,,,0.563,,
2020-10-02,0.075,0.0768,0.0748,,,0.5874,,
2020-10-05,0.0799,0.0821,0.0802,,,0.6703,,
2020-10-06,0.077,0.079,0.077,,,0.6244,,
2020-10-07,0.094,0.0809,0.0765,,,0.6777,,
2020-10-08,0.074,0.074,0.075,,,0.682,,
2020-10-09,0.075,0.0756,0.075,,,0.67035,,
2020-10-12,0.0829,0.0769,0.0764,,,0.674,,
2020-10-13,0.078,0.0764,0.077,,,0.62815,,
2020-10-14,0.0861,0.0809,0.0806,,,0.62555,,
2020-10-15,0.0824,0.0839,0.0826,,,0.63205,,
2020-10-16,0.0801,0.0814,0.0805,,,0.641,,
2020-10-19,0.0792,0.0805,0.0798,,,0.66555,,
2020-10-20,0.0827,0.0843,0.0827,,,0.68685,,
2020-10-21,0.0738,0.0719,0.076,,,0.72555,,
2020-10-22,0.0753,0.0735,0.0768,,,0.762,,
2020-10-23,0.085,0.0823,0.0831,,,0.74585,,
2020-10-26,0.0841,0.0819,0.0823,,,0.703,,
2020-10-27,0.0853,0.0838,0.084,,,0.66595,,
2020-10-28,0.08,0.0811,0.0819,,,0.672,,
2020-10-29,0.076,0.08,0.0817,,,0.7173,,
2020-10-30,0.0786,0.0825,0.0833,,,0.7678,,
2020-11-02,0.0809,0.0832,0.0837,,,0.7266,,
2020-11-03,0.085,0.0875,0.085,,,0.7815,,
2020-11-04,0.0891,0.0894,0.0891,,,0.665,,
2020-11-05,0.0942,0.0953,0.0951,,,0.66075,,
2020-11-06,0.0946,0.0946,0.0955,,,0.71305,,
2020-11-09,0.0926,0.092,0.0927,,,0.8108,,
2020-11-10,0.0903,0.0892,0.0897,,,0.84515,,
2020-11-11,0.0986,0.1005,0.1021,,,0.845,,
2020-11-12,0.0876,0.0866,0.0872,,,0.7472,,
2020-11-13,0.082,0.082,0.081,,,0.764,,
2020-11-16,0.0846,0.0849,0.085,,,0.77975,,
2020-11-17,0.0806,0.0808,0.082,,,0.73,,
2020-11-18,0.09,0.0741,0.0712,,,0.74295,,
2020-11-19,0.0716,0.0722,0.0719,,,0.70435,,
2020-11-20,0.071,0.0693,0.0689,,,0.68845,,
2020-11-23,0.0711,0.0697,0.0697,,,0.72255,,
2020-11-24,0.0751,0.072,0.0711,,,0.75825,,
2020-11-25,0.0739,0.0734,0.071,,,0.76325,,
2020-11-26,0.0736,0.0731,0.071,,,0.7645,,
2020-11-27,0.0726,0.0728,0.0717,,,0.7185,,
2020-11-30,0.0742,0.0749,0.075,,,0.73715,,
2020-12-01,0.0727,0.0728,0.0688,,,0.8307,,
2020-12-02,0.0777,0.0783,0.0742,,,0.82945,,
2020-12-03,0.075,0.0737,0.07,,,0.80315,,
2020-12-04,0.075,0.0701,0.0685,,,0.86665,,
2020-12-07,0.0654,0.0639,0.0644,,,0.8237,,
2020-12-08,0.0775,0.0666,0.0663,,,0.82625,,
2020-12-09,0.074,0.0644,0.0742,,,0.8446,,
2020-12-10,0.0697,0.0652,0.0766,,,0.80905,,
2020-12-11,0.0735,0.0652,0.0752,,,0.7956,,
2020-12-14,0.06,0.0622,0.071,,,0.80475,,
2020-12-15,0.0626,0.0663,0.0737,,,0.818,,
2020-12-16,0.068,0.0785,0.0751,,,0.82325,,
2020-12-17,0.0708,0.0834,0.0767,,,0.8418,,
2020-12-18,0.0712,0.0811,0.0753,,,0.85955,,
2020-12-21,0.0793,0.088,0.0823,,,0.84645,,
2020-12-22,0.08,0.0922,0.095,,,0.83625,,
2020-12-23,0.0993,0.0851,0.0799,,,0.866,,
2020-12-24,0.0996,0.0861,0.0816,,,0.8515,,
2020-12-25,0.106,,0.081,,,,,
2020-12-28,0.1036,0.0881,0.0829,,,0.85275,,
2020-12-29,0.0841,0.0802,0.0789,,,0.8718,,
2020-12-30,0.0748,0.0735,0.0731,,,0.846,,
2020-12-31,0.0737,0.0723,0.0719,,,0.8316,,
2021-01-01,0.0876,0.0875,0.0874,,,,,
2021-01-04,0.0772,0.0762,0.0758,,,0.82235,,
2021-01-05,0.0851,0.0846,0.0845,,,0.857,,
2021-01-06,0.087,0.0859,0.0848,,,0.9474,,
2021-01-07,0.0847,0.0843,0.0826,,,0.998,,
2021-01-08,0.08345,0.0822,0.0802,,,1.04215,,
2021-01-11,0.0798,0.079,0.0771,,,1.06535,,
2021-01-12,0.07765,0.0792,0.0779,,,1.0608,,
2021-01-13,0.0803,0.074,0.074,,,1.01195,,
2021-01-14,0.0721,0.0725,0.0712,,,1.04965,,
2021-01-15,0.075,0.0708,0.0693,,,1.00255,,
2021-01-18,0.0707,0.0708,0.0693,,,,,
2021-01-19,0.0695,0.0712,0.0703,,,1.0025,,
2021-01-20,0.0669,0.0661,0.0643,,,0.99455,,
2021-01-21,0.0776,0.0686,0.0653,,,1.03115,,
2021-01-22,0.0813,0.0701,0.0664,,,1.0192,,
2021-01-25,0.067,0.063,0.0622,,,0.9665,,
2021-01-26,0.0552,0.0526,0.0522,,,0.97,,
2021-01-27,0.048,0.0494,0.0489,,,0.95735,,
2021-01-28,0.051,0.0502,0.0505,,,0.99065,,
2021-01-29,0.0381,0.0363,0.0361,,,1.01555,,
2021-02-01,0.0419,0.041,0.0403,,,1.0324,,
2021-02-02,0.0461,0.0448,0.0439,,,1.056,,
2021-02-03,0.0492,0.0422,0.0393,,,1.106,,
2021-02-04,0.0287,0.0287,0.0296,,,1.123,,
2021-02-05,0.0262,0.0274,0.0288,,,1.1557,,
2021-02-08,0.0292,0.0283,0.0295,,,1.16385,,
2021-02-09,0.0299,0.0265,0.0269,,,1.146,,
2021-02-10,0.0318,0.0331,0.0335,,,1.11165,,
2021-02-11,0.0299,0.0281,0.0271,,,1.1492,,
2021-02-12,0.03,0.0279,0.027,,,1.202,,
2021-02-15,0.0387,0.0373,0.0365,,,1.195,,
2021-02-16,0.0292,0.03,0.0302,,,1.31305,,
2021-02-17,0.03,0.0271,0.0277,,,1.25545,,
2021-02-18,0.0218,0.022,0.022,,,1.2855,,
2021-02-19,0.017,0.0167,0.0166,,,1.338,,
2021-02-22,0.0255,0.026,0.0261,,,1.36185,,
2021-02-23,0.036,0.0374,0.0378,,,1.3425,,
2021-02-24,0.0216,0.0222,0.0235,,,1.3497,,
2021-02-25,0.0218,0.0221,0.0271,,,1.4583,,
2021-02-26,0.0217,0.0219,0.028,,,1.36,,
2021-03-01,0.0224,0.0226,0.0285,,,1.4021,,
2021-03-02,0.0227,0.023,0.0317,,,1.37045,,
2021-03-03,0.0211,0.0229,0.029,,,1.4585,,
2021-03-04,0.0211,0.0271,0.0321,,,1.5357,,
2021-03-05,0.0191,0.0247,0.033,,,1.51125,,
2021-03-08,0.0144,0.0227,0.0325,,,1.5145,,
2021-03-09,0.0211,0.0272,0.0292,,,1.427,,
2021-03-10,0.0274,0.0325,0.0315,,,1.40955,,
2021-03-11,0.025,0.0261,0.029,,,1.4485,,
2021-03-12,0.02186,0.02629,0.0224,,,1.53085,,
2021-03-15,0.02396,0.02533,0.0258,,,1.5085,,
2021-03-16,0.024,0.0265,0.027,,,1.51095,,
2021-03-17,0.01698,0.0162,0.0167,,,1.5505,,
2021-03-18,0.0135,0.0161,0.0163,,,1.58635,,
2021-03-19,0.004,0.0079,0.0079,,,1.63295,,
2021-03-22,0.008,0.0111,0.0113,,,1.59605,,
2021-03-23,0.01413,0.0133,0.0134,,,1.51825,,
2021-03-24,0.01707,0.0148,0.015,,,1.51615,,
2021-03-25,0.01833,0.0107,0.0108,,,1.55025,,
2021-03-26,0.018,0.0194,0.0193,,,1.59145,,
2021-03-29,0.017,0.0168,0.017,,,1.62135,,
2021-03-30,0.01574,0.0159,0.016,,,1.61335,,
2021-03-31,0.013,0.0134,0.0137,,,1.6555,,
2021-04-01,0.01442,0.0151,0.0152,,,1.5851,,
2021-04-02,0.0125,0.0146,0.0147,,,1.627,,
2021-04-05,0.01488,0.0149,0.0148,,,1.6071,,
2021-04-06,0.0112,0.0147,0.0145,,,1.5624,,
2021-04-07,0.01788,0.01778,0.0186,,,1.58195,,
2021-04-08,0.01978,0.01991,0.022,,,1.51825,,
2021-04-09,0.01665,0.01626,0.019,,,1.56265,,
2021-04-12,0.01504,0.0175,0.0199,,,1.55875,,
2021-04-13,0.01637,0.0182,0.0209,,,1.49475,,
2021-04-14,0.01619,0.0189,0.0213,,,1.5015,,
2021-04-15,0.01215,0.0179,0.0213,,,1.4448,,
2021-04-16,0.00953,0.0188,0.0215,,,1.4416,,
2021-04-19,0.012,0.0173,0.0194,,,1.46145,,
2021-04-20,0.01083,0.0179,0.0198,,,1.42685,,
2021-04-21,0.01264,0.0182,0.0196,,,1.42775,,
2021-04-22,0.019,0.0225,0.0228,,,1.415,,
2021-04-23,0.0195,0.0226,0.0227,,,1.4295,,
2021-04-26,0.02191,0.0206,0.0207,,,1.43095,,
2021-04-27,0.02393,0.0195,0.0198,,,1.49005,,
2021-04-28,0.01611,0.014,0.0144,,,1.48715,,
2021-04-29,0.01983,0.0186,0.0189,,,1.50875,,
2021-04-30,0.02,0.02391,0.0205,,,1.50355,,
2021-05-03,0.02159,0.0211,0.0211,,,1.4745,,
2021-05-04,0.01901,0.0186,0.0188,,,1.463,,
2021-05-05,0.016,0.016,0.0166,,,1.43855,,
2021-05-06,0.015,0.0158,0.016,,,1.43765,,
2021-05-07,0.0145,0.0158,0.016,,,1.44295,,
2021-05-10,0.01549,0.0148,0.0149,,,1.4632,,
2021-05-11,0.01579,0.0156,0.0157,,,1.4822,,
2021-05-12,0.01362,0.0142,0.0146,,,1.5505,,
2021-05-13,0.01242,0.0136,0.0137,,,1.49075,,
2021-05-14,0.01345,0.01302,0.0135,,,1.4822,,
2021-05-17,0.0125,0.0126,0.0127,,,1.4944,,
2021-05-18,0.01252,0.01252,0.0133,,,1.492,,
2021-05-19,0.01288,0.014,0.0143,,,1.51925,,
2021-05-20,0.0135,0.0127,0.0127,,,1.488,,
2021-05-21,0.01284,0.0083,0.0082,,,1.47875,,
2021-05-24,0.01278,0.0099,0.0099,,,1.458,,
2021-05-25,0.01032,0.0094,0.0093,,,1.40715,,
2021-05-26,0.00983,0.0122,0.0127,,,1.4255,,
2021-05-27,0.01091,0.0112,0.0155,,,1.45925,,
2021-05-28,0.0065,0.011,0.014,,,1.4575,,
2021-05-31,,0.011,0.0156,,,,,
2021-06-01,0.00961,0.0068,0.017,,,1.47125,,
2021-06-02,0.00752,0.0084,0.0166,,,1.452,,
2021-06-03,0.01278,0.0152,0.0195,,,1.4827,,
2021-06-04,0.00996,0.01656,0.0216,,,1.413,,
2021-06-07,0.0115,0.0149,0.0191,,,1.42295,,
2021-06-08,0.011,0.01595,0.0191,,,1.3916,,
2021-06-09,0.0135,0.01622,0.018,,,1.34725,,
2021-06-10,0.0175,0.0186,0.0197,,,1.2925,,
2021-06-11,0.01751,0.0196,0.0201,,,1.31125,,
2021-06-14,0.0245,0.026,0.0264,,,1.348,,
2021-06-15,0.02641,0.0262,0.0266,,,1.34,,
2021-06-16,0.0529,0.04775,0.0505,,,1.41645,,
2021-06-17,0.04741,0.046,0.0459,,,1.33045,,
2021-06-18,0.04968,0.0462,0.0461,,,1.244,,
2021-06-21,0.0499,0.0456,0.0456,,,1.2983,,
2021-06-22,0.04356,0.0432,0.0431,,,1.279,,
2021-06-23,0.046,0.04514,0.0448,,,1.30825,,
2021-06-24,0.04508,0.0446,0.0445,,,1.30595,,
2021-06-25,0.0445,0.0459,0.0457,,,1.3323,,
2021-06-28,0.04729,0.0473,0.0472,,,1.29255,,
2021-06-29,0.046,0.0467,0.0466,,,1.29375,,
2021-06-30,0.045,0.0469,0.0456,,,1.2886,,
2021-07-01,0.04745,0.0471,0.047,,,1.282,,
2021-07-02,0.04814,0.048,0.0475,,,1.2485,,
2021-07-05,,0.0474,0.0473,,,,,
2021-07-06,0.04803,0.0476,0.0476,,,1.17005,,
2021-07-07,0.0485,0.0478,0.0476,,,1.14745,,
2021-07-08,0.0485,0.04787,0.047,,,1.1337,,
2021-07-09,0.04762,0.04783,0.047,,,1.21735,,
2021-07-12,0.047,0.0463,0.0466,,,1.2125,,
2021-07-13,0.04757,0.0452,0.046,,,1.264,,
2021-07-14,0.04757,0.046,0.0459,,,1.19175,,
2021-07-15,0.0471,0.0444,0.0455,,,1.1353,,
2021-07-16,0.0479,0.04777,0.0458,,,1.127,,
2021-07-19,0.04743,0.0445,0.0454,,,1.01005,,
2021-07-20,0.04707,0.0444,0.0453,,,1.06585,,
2021-07-21,0.04698,0.0445,0.0453,,,1.1465,,
2021-07-22,0.04702,0.0469,0.0471,,,1.1388,,
2021-07-23,0.04706,0.0471,0.0473,,,1.134,,
2021-07-26,0.04721,0.0477,0.0477,,,1.1505,,
2021-07-27,0.0475,0.0479,0.048,,,1.10195,,
2021-07-28,0.04752,0.0473,0.0475,,,1.10875,,
2021-07-29,0.0475,0.0478,0.0479,,,1.155,,
2021-07-30,0.0475,0.0484,0.0485,,,1.111,,
2021-08-02,0.04816,0.0489,0.049,,,1.06425,,
2021-08-03,0.04832,0.04832,0.0489,,,1.04945,,
2021-08-04,0.04845,0.04845,0.0487,,,1.0564,,
2021-08-05,0.04849,0.04885,0.0492,,,1.09585,,
2021-08-06,0.04951,0.0495,0.049,,,1.17225,,
2021-08-09,0.04939,0.04905,0.0488,,,1.1872,,
2021-08-10,0.05,0.04975,0.049,,,1.20965,,
2021-08-11,0.04895,0.049,0.0489,,,1.1945,,
2021-08-12,0.04893,0.04835,0.0489,,,1.20865,,
2021-08-13,0.04965,0.04985,0.0499,,,1.12945,,
2021-08-16,0.05025,0.0499,0.0498,,,1.118,,
2021-08-17,0.05057,0.0506,0.0499,,,1.12385,,
2021-08-18,0.04982,0.04982,0.0495,,,1.1215,,
2021-08-19,0.0485,0.04875,0.0479,,,1.10025,,
2021-08-20,0.04955,0.04965,0.0493,,,1.10685,,
2021-08-23,0.05,0.04925,0.0493,,,1.103,,
2021-08-24,0.0522,0.05075,0.0502,,,1.14803,,
2021-08-25,0.05,0.04975,0.0501,,,1.19925,,
2021-08-26,0.05025,0.05045,0.0505,,,1.20455,,
2021-08-27,0.05,0.04914,0.0505,,,1.17025,,
2021-08-30,0.04949,0.0493,0.0492,,,1.1453,,
2021-08-31,0.049,0.0493,0.0493,,,1.173,,
2021-09-01,0.051,0.0498,0.0498,,,1.1601,,
2021-09-02,0.0505,0.0505,0.05,,,1.146,,
2021-09-03,0.05213,0.0511,0.0515,,,1.18625,,
2021-09-06,,0.05,0.0515,,,,,
2021-09-07,0.052,0.0512,0.0514,,,1.2371,,
2021-09-08,0.05298,0.0509,0.0514,,,1.21577,,
2021-09-09,0.0525,0.0514,0.0515,,,1.17025,,
2021-09-10,0.05173,0.0515,0.0516,,,1.2107,,
2021-09-13,0.05232,0.053,0.0531,,,1.1889,,
2021-09-14,0.0515,0.0522,0.052,,,1.1514,,
2021-09-15,0.05452,0.0538,0.0544,,,1.1694,,
2021-09-16,0.05646,0.0592,0.0591,,,1.2103,,
2021-09-17,0.055,0.0633,0.0617,,,1.23536,,
2021-09-20,0.0555,0.0551,0.0553,,,1.17433,,
2021-09-21,0.05441,0.0531,0.0534,,,1.1787,,
2021-09-22,0.05713,0.0537,0.0544,,,1.15455,,
2021-09-23,0.0495,0.0563,0.0565,,,1.2849,,
2021-09-24,0.0505,0.047,0.056,,,1.31275,,
2021-09-27,0.05671,0.05671,0.0569,,,1.3428,,
2021-09-28,0.0572,0.0578,0.058,,,1.39951,,
2021-09-29,0.05394,0.054,0.0544,,,1.3723,,
2021-09-30,0.05493,0.05434,0.057,,,1.3449,,
2021-10-01,0.05814,0.0595,0.0598,,,1.3182,,
2021-10-04,0.05732,0.05817,0.0585,,,1.32925,,
2021-10-05,0.05778,0.0589,0.0591,,,1.3759,,
2021-10-06,0.0526,0.05288,0.0532,,,1.3725,,
2021-10-07,0.05308,0.05313,0.0533,,,1.433,,
2021-10-08,0.05212,0.053,0.0532,,,1.47375,,
2021-10-11,0.051,0.051,0.052,,,1.47,,
2021-10-12,0.05235,0.05218,0.0531,,,1.4315,,
2021-10-13,0.0523,0.05247,0.0527,,,1.37825,,
2021-10-14,0.0505,0.0505,0.053,,,1.3505,,
2021-10-15,0.0524,0.0524,0.0525,,,1.39625,,
2021-10-18,0.0483,0.0481,0.0481,,,1.41525,,
2021-10-19,0.047,0.047,0.0476,,,1.46223,,
2021-10-20,0.03782,0.04053,0.0392,,,1.49075,,
2021-10-21,0.04248,0.04248,0.0424,,,1.5302,,
2021-10-22,0.043,0.04257,0.0425,,,1.4653,,
2021-10-25,0.0483,0.04693,0.0461,,,1.4791,,
2021-10-26,0.041,0.0415,0.0417,,,1.4583,,
2021-10-27,0.04258,0.04258,0.0439,,,1.3787,,
2021-10-28,0.04265,0.04266,0.0438,,,1.38198,,
2021-10-29,0.0421,0.0421,0.0445,,,1.36323,,
2021-11-01,0.0435,0.04372,0.0458,,,1.3726,,
2021-11-02,0.04296,0.04296,0.0438,,,1.3819,,
2021-11-03,0.038,0.0436,0.0438,,,1.443,,
2021-11-04,0.0432,0.044,0.044,,,1.36738,,
2021-11-05,0.04304,0.04304,0.0429,,,1.28343,,
2021-11-08,0.04492,0.045,0.045,,,1.31575,,
2021-11-09,0.04485,0.0455,0.0446,,,1.26753,,
2021-11-10,0.0445,0.046,0.044,,,1.37615,,
2021-11-11,0.0446,0.0442,0.046,,,1.3703,,
2021-11-12,0.04355,0.04355,0.0434,,,1.4085,,
2021-11-15,0.0427,0.0427,0.0436,,,1.4566,,
2021-11-16,0.04338,0.04405,0.0436,,,1.4766,,
2021-11-17,0.04563,0.0445,0.0486,,,1.4332,,
2021-11-18,0.0451,0.0455,0.0455,,,1.42275,,
2021-11-19,0.04625,0.0463,0.0455,,,1.3845,,
2021-11-22,0.04918,0.05035,0.0491,,,1.46935,,
2021-11-23,0.05067,0.05025,0.0498,,,1.513,,
2021-11-24,0.05145,0.05145,0.0512,,,1.472,,
2021-11-25,0.05025,0.051,0.0512,,,1.4754,,
2021-11-26,0.05395,0.05395,0.056,,,1.3146,,
2021-11-29,0.0476,0.0476,0.0512,,,1.346,,
2021-11-30,0.051,0.051,0.0521,,,1.30725,,
2021-12-01,0.053,0.0535,0.0529,,,1.262,,
2021-12-02,0.0512,0.0513,0.0502,,,1.29835,,
2021-12-03,0.0519,0.0515,0.0504,,,1.22305,,
2021-12-06,0.056,0.0503,0.0505,,,1.31625,,
2021-12-07,0.0585,0.053,0.0525,,,1.35302,,
2021-12-08,0.0585,0.0545,0.055,,,1.38905,,
2021-12-09,0.0545,0.0535,0.055,,,1.372,,
2021-12-10,0.0535,0.0525,0.0539,,,1.3683,,
2021-12-13,0.0535,0.0566,0.0568,,,1.3005,,
2021-12-14,0.06035,0.0598,0.0594,,,1.324,,
2021-12-15,0.0531,0.0531,0.0527,,,1.33065,,
2021-12-16,0.0535,0.05395,0.0539,,,1.2784,,
2021-12-17,0.053,0.054,0.0535,,,1.26125,,
2021-12-20,0.0515,0.0555,0.0555,,,1.2948,,
2021-12-21,0.0509,0.0515,0.0528,,,1.3351,,
2021-12-22,0.05075,0.05075,0.0514,,,1.3334,,
2021-12-23,0.0555,0.0494,0.052,,,1.3679,,
2021-12-24,0.053,0.0517,0.049,,,1.368,,
2021-12-27,0.0511,0.0511,0.0521,,,1.34945,,
2021-12-28,0.05075,0.05075,0.0518,,,1.3562,,
2021-12-29,0.05045,0.05045,0.0511,,,1.42355,,
2021-12-30,0.05055,0.05055,0.0523,,,1.3769,,
2021-12-31,0.05105,0.05105,0.0521,,,1.3765,,
2022-01-03,0.04975,0.0497,0.0508,,,1.4798,,
2022-01-04,0.04985,0.04985,0.0505,,,1.5,,
2022-01-05,0.0502,0.0502,0.051,,,1.556,,
2022-01-06,0.04935,0.04935,0.0527,,,1.5763,,
2022-01-07,0.051,0.0513,0.0554,,,1.61675,,
2022-01-10,0.0505,0.04865,0.0555,,,1.6193,,
2022-01-11,0.0491,0.0497,0.0536,,,1.5876,,
2022-01-12,0.0499,0.0505,0.0538,,,1.5894,,
2022-01-13,0.0501,0.0527,0.0545,,,1.54725,,
2022-01-14,0.0471,0.0525,0.0551,,,1.6324,,
2022-01-17,0.0465,0.054,0.0574,,,1.626,,
2022-01-18,0.0457,0.055,0.057,,,1.7165,,
2022-01-19,0.0488,0.0557,0.058,,,1.6937,,
2022-01-20,0.0555,0.0585,0.0591,,,1.6443,,
2022-01-21,0.0555,0.057,0.0575,,,1.6027,,
2022-01-24,0.0575,0.0575,0.0565,,,1.6183,,
2022-01-25,0.0583,0.0583,0.0575,,,1.6235,,
2022-01-26,0.05215,0.05215,0.0516,,,1.7095,,
2022-01-27,0.05055,0.05055,0.0495,,,1.64755,,
2022-01-28,0.048,0.048,0.0486,,,1.6259,,
2022-01-31,0.048,0.0486,0.0485,,,1.633,,
2022-02-01,0.049,0.05,0.0493,,,1.6391,,
2022-02-02,0.049,0.05,0.0493,,,1.63015,,
2022-02-03,0.049,0.0495,0.0492,,,1.6796,,
2022-02-04,0.0612,0.0612,0.06,,,1.7553,,
2022-02-07,0.0594,0.0594,0.0563,,,1.7605,,
2022-02-08,0.0556,0.0556,0.0545,,,1.8045,,
2022-02-09,0.0545,0.054,0.0539,,,1.78725,,
2022-02-10,0.12496,0.1346,0.14,,,1.8782,,
2022-02-11,0.0865,0.0865,0.075,,,1.7795,,
2022-02-14,0.0614,0.0614,0.065,,,1.835,,
2022-02-15,0.0659,0.0659,0.0649,,,1.89245,,
2022-02-16,0.0609,0.0609,0.068,,,1.8876,,
2022-02-17,0.0592,0.0606,0.0611,,,1.81425,,
2022-02-18,0.06,0.06,0.063,,,1.7775,,
2022-02-21,,,0.0648,,,1.7774,,
2022-02-22,0.0595,0.0565,0.05625,,,1.79225,,
2022-02-23,0.0625,0.0615,0.07725,,,1.8441,,
2022-02-24,0.05435,0.0539,0.1086,,,1.82095,,
2022-02-25,0.0533,0.0547,0.1275,,,1.81225,,
2022-02-28,0.0787,0.0815,0.151,,,1.6835,,
2022-03-01,0.084,0.08545,0.164,,,1.5784,,
2022-03-02,0.0637,0.089,0.168,,,1.74415,,
2022-03-03,0.0805,0.1589,0.2131,,,1.7025,,
2022-03-04,0.07705,0.1632,0.211,,,1.5881,,
2022-03-07,0.06495,0.174,0.2175,,,1.6236,,
2022-03-08,0.06385,0.1925,0.2266,,,1.6925,,
2022-03-09,0.10125,0.2105,0.248,,,1.8127,,
2022-03-10,0.2016,0.2567,0.2745,,,1.839,,
2022-03-11,0.245,0.2805,0.295,,,1.8435,,
2022-03-14,0.29493,0.3105,0.32,,,1.9846,,
2022-03-15,0.33445,0.3343,0.3375,,,2.0009,,
2022-03-16,0.312,0.3072,0.308,,,2.0485,,
2022-03-17,0.304,0.304,0.303,,,2.0342,,
2022-03-18,0.30655,0.3066,0.3042,,,2.0165,,
2022-03-21,0.31147,0.31143,0.3105,,,2.1415,,
2022-03-22,0.3123,0.3123,0.3092,,,2.2183,,
2022-03-23,0.30725,0.3055,0.3062,,,2.1122,,
2022-03-24,0.30358,0.30235,0.3029,,,2.1934,,
2022-03-25,0.307,0.3055,0.3056,,,2.2808,,
2022-03-28,0.311,0.3095,0.3097,,,2.26,,
2022-03-29,0.3037,0.30325,0.3029,,,2.198,,
2022-03-30,0.29755,0.29763,0.2985,,,2.1495,,
2022-03-31,0.28758,0.28775,0.2885,,,2.1256,,
2022-04-01,0.29705,0.299,0.2979,,,2.152,,
2022-04-04,0.3026,0.3037,0.304,,,2.151,,
2022-04-05,0.30158,0.30295,0.3042,,,2.29695,,
2022-04-06,0.30575,0.3058,0.3071,,,2.3517,,
2022-04-07,0.30862,0.30738,0.3095,,,2.4099,,
2022-04-08,0.30885,0.3089,0.3118,,,2.4719,,
2022-04-11,0.31535,0.3168,0.318,,,2.5681,,
2022-04-12,0.2987,0.2985,0.2979,,,2.5034,,
2022-04-13,0.29642,0.2987,0.3925,,,2.489,,
2022-04-14,0.2925,0.29505,0.4125,,,2.6,,
2022-04-15,0.2925,0.294,0.4614,,,2.6,,
2022-04-18,0.29373,0.2935,0.4325,,,2.6307,,
2022-04-19,0.289,0.289,0.4575,,,2.72725,,
2022-04-20,0.28223,0.31918,0.4746,,,2.6045,,
2022-04-21,0.28202,0.4328,0.553,,,2.6716,,
2022-04-22,0.28272,0.466,0.5777,,,2.6681,,
2022-04-25,0.28567,0.50585,0.605,,,2.5926,,
2022-04-26,0.28537,0.53357,0.625,,,2.5122,,
2022-04-27,0.35563,0.57088,0.6475,,,2.633,,
2022-04-28,0.57765,0.6866,0.723,,,2.6373,,
2022-04-29,0.6555,0.731,0.7584,,,2.7414,,
2022-05-02,0.7275,0.7643,0.7768,,,2.7786,,
2022-05-03,0.806,0.806,0.805,,,2.76375,,
2022-05-04,0.78895,0.789,0.8053,,,2.75,,
2022-05-05,0.7875,0.7875,0.7858,,,2.8345,,
2022-05-06,0.7852,0.7849,0.7847,,,2.9275,,
2022-05-09,0.78572,0.78562,0.7905,,,2.8292,,
2022-05-10,0.77938,0.779,0.7783,,,2.8026,,
2022-05-11,0.7785,0.7785,0.78,,,2.74,,
2022-05-12,0.778,0.7783,0.7785,,,2.69,,
2022-05-13,0.77992,0.7816,0.7818,,,2.7476,,
2022-05-16,0.78263,0.7841,0.7858,,,2.7155,,
2022-05-17,0.7817,0.78175,0.7802,,,2.8105,,
2022-05-18,0.78165,0.782,0.7834,,,2.7036,,
2022-05-19,0.78135,0.78135,0.7833,,,2.6569,,
2022-05-20,0.78285,0.7815,0.7898,,,2.58775,,
2022-05-23,0.78355,0.7836,0.7899,,,2.647,,
2022-05-24,0.786,0.7855,0.7912,,,2.5607,,
2022-05-25,0.786,0.7855,0.8236,,,2.57125,,
2022-05-26,0.78192,0.7828,0.9137,,,2.5865,,
2022-05-27,0.7817,0.7721,0.9285,,,2.57965,,
2022-05-30,,0.782,0.93,,,,,
2022-05-31,0.7856,0.77,0.954,,,2.6855,,
2022-06-01,0.78482,0.8214,0.9777,,,2.7275,,
2022-06-02,0.78997,0.9585,1.052,,,2.7416,,
2022-06-03,0.79,0.9675,1.0742,,,2.7671,,
2022-06-06,0.78,0.9995,1.09705,,,2.8821,,
2022-06-07,0.78,1.037,1.123,,,2.80745,,
2022-06-08,0.8445,1.069,1.145,,,2.84675,,
2022-06-09,1.091,1.176,1.2173,,,2.85775,,
2022-06-10,1.1415,1.2195,1.247,,,2.94775,,
2022-06-13,1.3415,1.4148,1.4325,,,3.1536,,
2022-06-14,1.4635,1.4901,1.48215,,,3.252,,
2022-06-15,1.5085,1.52125,1.4835,,,3.0712,,
2022-06-16,1.478,1.487,1.494,,,2.967,,
2022-06-17,1.477,1.489,1.496,,,3.0201,,
2022-06-20,,1.489,,,,3.0218,,
2022-06-21,1.474,1.49,1.498,,,3.08105,,
2022-06-22,1.461,1.48,1.4815,,,2.9756,,
2022-06-23,1.46892,1.477,1.4833,,,2.9112,,
2022-06-24,1.483,1.4942,1.49445,,,2.9634,,
2022-06-27,1.497,1.501,1.502,,,3.023,,
2022-06-28,1.513,1.5065,1.5045,,,2.99225,,
2022-06-29,1.493,1.493,1.493,,,2.919,,
2022-06-30,1.4955,1.496,1.496,,,2.85025,,
2022-07-01,1.4929,1.4865,1.493,,,2.73,,
2022-07-04,,1.485,1.4877,,,,,
2022-07-05,1.49743,1.5013,1.4976,,,2.656,,
2022-07-06,1.512,1.5125,1.547,,,2.769,,
2022-07-07,1.5127,1.516,1.6495,,,2.8417,,
2022-07-08,1.5212,1.52145,1.6985,,,2.925,,
2022-07-11,1.5208,1.521,1.7348,,,2.83275,,
2022-07-12,1.5195,1.52,1.7713,,,2.80945,,
2022-07-13,1.518,1.5867,1.8698,,,2.775,,
2022-07-14,1.526,1.7666,1.9635,,,2.7845,,
2022-07-15,1.518,1.812,1.9835,,,2.7361,,
2022-07-18,1.521,1.8682,2.021,,,2.80145,,
2022-07-19,1.517,1.9334,2.069,,,2.83025,,
2022-07-20,1.649,1.9806,2.1073,,,2.8357,,
2022-07-21,1.97948,2.1564,2.2089,,,2.699,,
2022-07-22,2.08127,2.1979,2.2355,,,2.583,,
2022-07-25,2.201,2.2636,2.2821,,,2.62875,,
2022-07-26,2.321,2.3198,2.32,,,2.6395,,
2022-07-27,2.2854,2.2878,2.2877,,,2.62885,,
2022-07-28,2.27585,2.2775,2.279,,,2.52525,,
2022-07-29,2.28045,2.284,2.2845,,,2.4942,,
2022-08-01,2.28212,2.283,2.2835,,,2.3999,,
2022-08-02,2.2875,2.2885,2.2885,,,2.5702,,
2022-08-03,2.2895,2.29,2.2905,,,2.5208,,
2022-08-04,2.2895,2.29,2.2905,,,2.50435,,
2022-08-05,2.30002,2.3035,2.3044,,,2.6321,,
2022-08-08,2.30382,2.3025,2.3094,,,2.55275,,
2022-08-09,2.30802,2.3062,2.3115,,,2.56675,,
2022-08-10,2.29838,2.3,2.301,,,2.5704,,
2022-08-11,2.29102,2.292,2.291,,,2.68675,,
2022-08-12,2.28685,2.29023,2.2902,,,2.62625,,
2022-08-15,2.2865,2.29,2.28752,,,2.57855,,
2022-08-16,2.28958,2.2915,2.298,,,2.5872,,
2022-08-17,2.284,2.2865,2.28594,,,2.6918,,
2022-08-18,2.2855,2.29,2.28611,,,2.66935,,
2022-08-19,2.28108,2.28238,2.2855,,,2.77165,,
2022-08-22,2.287,2.295,2.299,,,2.82205,,
2022-08-23,2.28932,2.2975,2.3,,,2.8732,,
2022-08-24,2.29082,2.3005,2.293,,,2.93545,,
2022-08-25,2.29303,2.3,2.3015,,,2.8569,,
2022-08-26,2.284,2.28627,2.286,,,2.858,,
2022-08-29,2.285,2.283,2.2795,,,2.9239,,
2022-08-30,2.2765,2.277,2.2775,,,2.9225,,
2022-08-31,2.277,2.277,2.31,,,3.0025,,
2022-09-01,2.2755,2.27901,2.4459,,,3.0715,,
2022-09-02,2.27613,2.27878,2.4586,,,3.0176,,
2022-09-06,2.279,2.2785,2.5057,,,3.1615,,
2022-09-07,2.27925,2.3275,2.538,,,3.0758,,
2022-09-08,2.27373,2.48288,2.65451,,,3.12905,,
2022-09-09,2.273,2.5322,2.6896,,,3.117,,
2022-09-12,2.27747,2.5888,2.7275,,,3.1632,,
2022-09-13,2.271,2.6875,2.8283,,,3.195,,
2022-09-14,2.373,2.7309,2.85,,,3.1887,,
2022-09-15,2.726,2.8985,2.962,,,3.23025,,
2022-09-16,2.83813,2.955,2.995,,,3.236,,
2022-09-19,2.9555,3.0131,3.0329,,,3.2688,,
2022-09-20,3.074,3.0748,3.07621,,,3.3341,,
2022-09-21,3.03507,3.037,3.03686,,,3.293,,
2022-09-22,3.03013,3.031,3.0315,,,3.452,,
2022-09-23,3.03044,3.025,3.03223,,,3.4097,,
2022-09-26,3.04075,3.0415,3.04254,,,3.6043,,
2022-09-27,3.02809,3.0265,3.0285,,,3.5972,,
2022-09-28,3.0175,3.01898,3.0195,,,3.45985,,
2022-09-29,3.015,3.01645,3.0182,,,3.5221,,
2022-09-30,3.01832,3.0205,3.022,,,3.5557,,
2022-10-03,3.02189,3.0245,3.0265,,,3.36905,,
2022-10-04,3.03133,3.03223,3.037,,,3.334,,
2022-10-05,3.03377,3.03467,3.0355,,,3.47935,,
2022-10-06,3.0345,3.0355,3.0365,,,3.53125,,
2022-10-07,3.031,3.03599,3.03689,,,3.57875,,
2022-10-10,,3.0327,3.0385,,,,,
2022-10-11,3.041,3.0465,3.0475,,,3.64705,,
2022-10-12,3.039,3.04,3.0765,,,3.60965,,
2022-10-13,3.03592,3.037,3.18783,,,3.6304,,
2022-10-14,3.0265,3.02993,3.2161,,,3.703,,
2022-10-17,3.039,3.04142,3.2613,,,3.6971,,
2022-10-18,3.036,3.0384,3.295,,,3.6915,,
2022-10-19,3.0415,3.098,3.4,,,3.82125,,
2022-10-20,3.0405,3.2635,3.45,,,3.93775,,
2022-10-21,3.039,3.3136,3.4807,,,3.94,,
2022-10-24,3.04078,3.369,3.52,,,3.96865,,
2022-10-25,3.0348,3.41714,3.555,,,3.84425,,
2022-10-26,3.14542,3.5281,3.5815,,,3.72955,,
2022-10-27,3.4635,3.62502,3.679,,,3.65,,
2022-10-28,3.572,3.6775,3.7151,,,3.75125,,
2022-10-31,3.6875,3.74215,3.761,,,3.7881,,
2022-11-01,3.79909,3.80049,3.8015,,,3.78675,,
2022-11-02,3.80353,3.80434,3.8055,,,3.846,,
2022-11-03,3.8005,3.801,3.803,,,3.87725,,
2022-11-04,3.797,3.80222,3.7985,,,3.896,,
2022-11-07,3.7945,3.79713,3.797,,,3.9302,,
2022-11-08,3.7925,3.79426,3.79545,,,3.84125,,
2022-11-09,3.78872,3.7905,3.7911,,,3.8074,,
2022-11-10,3.7845,3.787,3.7889,,,3.54,,
2022-11-11,3.785,3.787,3.789,,,3.5393,,
2022-11-14,3.791,3.7926,3.7937,,,3.56305,,
2022-11-15,3.8015,3.8025,3.80506,,,3.47815,,
2022-11-16,3.79994,3.803,3.8045,,,3.3681,,
2022-11-17,3.80188,3.8035,3.80597,,,3.45275,,
2022-11-18,3.79757,3.8025,3.80038,,,3.519,,
2022-11-21,3.80402,3.7975,3.80683,,,3.51875,,
2022-11-22,3.806,3.8075,3.8365,,,3.4225,,
2022-11-23,3.81908,3.817,3.919,,,3.3612,,
2022-11-24,,3.8126,3.919,,,3.3635,,
2022-11-25,3.8062,3.812,3.941,,,3.3544,,
2022-11-28,3.8002,3.7994,3.9575,,,3.3505,,
2022-11-29,3.8002,3.8016,3.98582,,,3.4095,,
2022-11-30,3.8052,3.8451,4.0125,,,3.28025,,
2022-12-01,3.8012,3.95515,4.0945,,,3.1754,,
2022-12-02,3.805,3.995,4.111,,,3.15905,,
2022-12-05,3.79,4.032,4.1275,,,3.247,,
2022-12-06,3.79398,4.05838,4.152,,,3.1935,,
2022-12-07,3.87057,4.0962,4.1685,,,3.0965,,
2022-12-08,4.0945,4.2155,4.254,,,3.1554,,
2022-12-09,4.1729,4.2505,4.272,,,3.272,,
2022-12-12,4.243,4.2862,4.3057,,,3.2943,,
2022-12-13,4.312,4.3195,4.3157,,,3.19865,,
2022-12-14,4.31937,4.3209,4.3159,,,3.17745,,
2022-12-15,4.3108,4.3126,4.3142,,,3.1477,,
2022-12-16,4.297,4.302,4.312,,,3.18105,,
2022-12-19,4.3095,4.3114,4.3132,,,3.263,,
2022-12-20,4.3115,4.3134,4.3144,,,3.3403,,
2022-12-21,4.31318,4.3124,4.3142,,,3.33825,,
2022-12-22,4.3105,4.3124,4.3145,,,3.3633,,
2022-12-23,4.3135,4.315,4.318,,,3.431,,
2022-12-26,,,,,,3.4293,,
2022-12-27,4.312,4.3155,4.3183,,,3.5048,,
2022-12-28,4.3105,4.3135,4.3143,,,3.5609,,
2022-12-29,4.309,4.31087,4.3135,,,3.4916,,
2022-12-30,4.308,4.3105,4.312,,,3.54475,,
2023-01-02,,4.31,,,,,,
2023-01-03,4.31343,4.316,4.3186,,,3.3854,,
2023-01-04,4.31234,4.3154,4.3164,,,3.34825,,
2023-01-05,4.3105,4.312,4.3152,,,3.3725,,
2023-01-06,4.313,4.315,4.3177,,,3.21595,,
2023-01-09,4.31285,4.31466,4.3165,,,3.1909,,
2023-01-10,4.3145,4.3165,4.318,,,3.27855,,
2023-01-11,4.3145,4.3165,4.3339,,,3.21365,,
2023-01-12,4.3125,4.3145,4.383,,,3.13485,,
2023-01-13,4.3115,4.3134,4.396,,,3.18625,,
2023-01-16,,,,,,3.1861,,
2023-01-17,4.3125,4.3144,4.4102,,,3.2336,,
2023-01-18,4.31237,4.334,4.4231,,,3.07625,,
2023-01-19,4.31962,4.3963,4.467,,,3.08165,,
2023-01-20,4.3146,4.41214,4.47217,,,3.16875,,
2023-01-23,4.318,4.4345,4.4875,,,3.19865,,
2023-01-24,4.3155,4.4495,4.4955,,,3.1375,,
2023-01-25,4.35111,4.464,4.503,,,3.1377,,
2023-01-26,4.4635,4.5209,4.543,,,3.198,,
2023-01-27,4.49318,4.53405,4.5485,,,3.20325,,
2023-01-30,4.5328,4.5535,4.5614,,,3.23835,,
2023-01-31,4.5695,4.57065,4.5736,,,3.2031,,
2023-02-01,4.56156,4.564,4.5654,,,3.1325,,
2023-02-02,4.56098,4.5655,4.567,,,3.1155,,
2023-02-03,4.5617,4.5638,4.5658,,,3.2315,,
2023-02-06,4.5597,4.5618,4.5644,,,3.31725,,
2023-02-07,4.5555,4.55669,4.55871,,,3.35625,,
2023-02-08,4.5547,4.5567,4.5585,,,3.29225,,
2023-02-09,4.5555,4.557,4.56,,,3.34365,,
2023-02-10,4.55558,4.5576,4.5597,,,3.42285,,
2023-02-13,4.55626,4.55828,4.5593,,,3.3891,,
2023-02-14,4.55538,4.557,4.5602,,,3.4225,,
2023-02-15,4.55557,4.5569,4.5587,,,3.48545,,
2023-02-16,4.5504,4.5523,4.557,,,3.55215,,
2023-02-17,4.55352,4.5555,4.558,,,3.507,,
2023-02-20,,4.553,,,,,,
2023-02-21,4.5451,4.5535,4.5484,,,3.64305,,
2023-02-22,4.5395,4.5505,4.555,,,3.6088,,
2023-02-23,4.554,4.55517,4.5597,,,3.566,,
2023-02-24,4.553,4.5565,4.55875,,,3.63855,,
2023-02-27,4.55127,4.553,4.5553,,,3.61295,,
2023-02-28,4.551,4.553,4.555,,,3.619,,
2023-03-01,4.5483,4.5491,4.56752,,,3.68975,,
2023-03-02,4.546,4.5477,4.6095,,,3.75178,,
2023-03-03,4.551,4.553,4.629,,,3.64785,,
2023-03-06,4.549,4.551,4.64353,,,3.6415,,
2023-03-07,4.548,4.55,4.6905,,,3.637,,
2023-03-08,4.5535,4.587,4.7236,,,3.6609,,
2023-03-09,4.554,4.6674,4.763,,,3.58025,,
2023-03-10,4.5222,4.656,4.7374,,,3.36815,,
2023-03-13,4.484,4.5846,4.6226,,,3.283,,
2023-03-14,4.5663,4.6756,4.7169,,,3.43435,,
2023-03-15,4.555,4.628,4.6484,,,3.231,,
2023-03-16,4.6835,4.7269,4.741,,,3.325,,
2023-03-17,4.6937,4.7059,4.7198,,,3.182,,
2023-03-20,4.7249,4.7429,4.7474,,,3.223,,
2023-03-21,4.773,4.77533,4.7771,,,3.34365,,
2023-03-22,4.7991,4.8004,4.8024,,,3.18466,,
2023-03-23,4.7922,4.79214,4.7956,,,3.14853,,
2023-03-24,4.7875,4.7886,4.7905,,,3.0972,,
2023-03-27,4.805,4.8135,4.8161,,,3.2425,,
2023-03-28,4.799,4.8015,4.8223,,,3.2675,,
2023-03-29,4.796,4.7971,4.8005,,,3.27534,,
2023-03-30,4.7965,4.7985,4.801,,,3.255,,
2023-03-31,4.7995,4.8017,4.8038,,,3.17325,,
2023-04-03,4.79943,4.8025,4.8058,,,3.1283,,
2023-04-04,4.8082,4.8085,4.8101,,,3.06175,,
2023-04-05,4.80093,4.80317,4.8048,,,3.04309,,
2023-04-06,4.7994,4.8009,4.8044,,,3.03681,,
2023-04-07,4.8039,4.80497,4.8075,,,3.117,,
2023-04-10,4.807,4.8075,4.812,,,3.1401,,
2023-04-11,4.808,4.8105,4.8144,,,3.14205,,
2023-04-12,4.804,4.8036,4.81519,,,3.1018,,
2023-04-13,4.7956,4.802,4.839,,,3.15769,,
2023-04-14,4.7994,4.80417,4.8549,,,3.22062,,
2023-04-17,4.8015,4.80548,4.873,,,3.311,,
2023-04-18,4.80398,4.80548,4.8837,,,3.29891,,
2023-04-19,4.7981,4.82015,4.8916,,,3.302,,
2023-04-20,4.80383,4.868,4.9225,,,3.24625,,
2023-04-21,4.80387,4.88604,4.938,,,3.29081,,
2023-04-24,4.7919,4.9045,4.9472,,,3.2135,,
2023-04-25,4.8093,4.91,4.9452,,,3.12544,,
2023-04-26,4.823,4.9156,4.9491,,,3.17716,,
2023-04-27,4.9315,4.9744,4.9979,,,3.24125,,
2023-04-28,4.9644,4.9905,5.0041,,,3.15695,,
2023-05-01,5.0107,5.0325,5.0389,,,3.318,,
2023-05-02,5.0277,5.0309,5.0333,,,3.186,,
2023-05-03,5.041,5.0431,5.0437,,,3.12595,,
2023-05-04,5.0414,5.0421,5.0443,,,3.152,,
2023-05-05,5.0426,5.0435,5.0453,,,3.20025,,
2023-05-08,5.0464,5.0476,5.0497,,,3.2565,,
2023-05-09,5.0509,5.0525,5.055,,,3.26275,,
2023-05-10,5.0526,5.0516,5.0528,,,3.1932,,
2023-05-11,5.0485,5.05,5.0517,,,3.1301,,
2023-05-12,5.0473,5.05182,5.0547,,,3.2,,
2023-05-15,5.0475,5.05,5.056,,,3.23334,,
2023-05-16,5.05732,5.05981,5.062,,,3.264,,
2023-05-17,5.0587,5.0599,5.062,,,3.28635,,
2023-05-18,5.0563,5.058,5.0606,,,3.3725,,
2023-05-19,5.05857,5.06105,5.06407,,,3.404,,
2023-05-22,5.061,5.0636,5.0661,,,3.45235,,
2023-05-23,5.0646,5.0684,5.0713,,,3.43575,,
2023-05-24,5.0634,5.0739,5.0847,,,3.4765,,
2023-05-25,5.0637,5.07,5.1084,,,3.54965,,
2023-05-26,5.0481,5.0502,5.1075,,,3.529,,
2023-05-30,5.0542,5.0569,5.1197,,,3.42825,,
2023-05-31,5.0532,5.0616,5.1027,,,3.38931,,
2023-06-01,5.0706,5.1022,5.11961,,,3.3455,,
2023-06-02,5.0533,5.10175,5.1218,,,3.45505,,
2023-06-05,5.031,5.0875,5.1088,,,3.429,,
2023-06-06,5.03649,5.1007,5.1151,,,3.3923,,
2023-06-07,5.05385,5.1119,5.1286,,,3.51788,,
2023-06-08,5.0929,5.1195,5.1345,,,3.449,,
2023-06-09,5.121,5.1376,5.1458,,,3.468,,
2023-06-12,5.1226,5.1312,5.1358,,,3.453,,
2023-06-13,5.0855,5.0882,5.0908,,,3.5225,,
2023-06-14,5.0638,5.0661,5.0689,,,3.50195,,
2023-06-15,5.0633,5.0672,5.0695,,,3.44525,,
2023-06-16,5.07319,5.0757,5.0715,,,3.482,,
2023-06-20,5.0729,5.0771,5.0802,,,3.44025,,
2023-06-21,5.0692,5.0782,5.0829,,,3.43569,,
2023-06-22,5.0726,5.0766,5.0797,,,3.50597,,
2023-06-23,5.073,5.0731,5.0761,,,3.4495,,
2023-06-26,5.0725,5.0735,5.0765,,,3.44744,,
2023-06-27,5.0642,5.0678,5.0706,,,3.478,,
2023-06-28,5.0595,5.0604,5.0636,,,3.4295,,
2023-06-29,5.0563,5.0598,5.0626,,,3.5455,,
2023-06-30,5.0633,5.0668,5.0696,,,3.545,,
2023-07-03,5.059,5.0615,5.0637,,,3.5625,,
2023-07-04,5.058,5.061,,,,,,
2023-07-05,5.0545,5.0579,5.0712,,,3.63363,,
2023-07-06,5.0571,5.0592,5.105,,,3.736,,
2023-07-07,5.0565,5.059,5.1165,,,3.7795,,
2023-07-10,5.0593,5.0616,5.1299,,,3.7146,,
2023-07-11,5.058,5.0605,5.1405,,,3.68247,,
2023-07-12,5.06,5.0782,5.1514,,,3.5807,,
2023-07-13,5.055,5.1235,5.18,,,3.489,,
2023-07-14,5.05402,5.14367,5.1977,,,3.5539,,
2023-07-17,5.0495,5.1595,5.21,,,3.527,,
2023-07-18,5.0443,5.1758,5.2215,,,3.4969,,
2023-07-19,5.0771,5.195,5.2331,,,3.46403,,
2023-07-20,5.191,5.2495,5.2705,,,3.562,,
2023-07-21,5.231,5.2685,5.283,,,3.55527,,
2023-07-24,5.27067,5.2905,5.2988,,,3.5975,,
2023-07-25,5.306,5.309,5.31123,,,3.6025,,
2023-07-26,5.3085,5.3105,5.313,,,3.59235,,
2023-07-27,5.3063,5.309,5.3117,,,3.71203,,
2023-07-28,5.3061,5.3088,5.3115,,,3.6735,,
2023-07-31,5.305,5.3075,5.3109,,,3.6745,,
2023-08-01,5.305,5.308,5.3109,,,3.736,,
2023-08-02,5.3045,5.3075,5.3113,,,3.784,,
2023-08-03,5.3052,5.3074,5.3099,,,3.896,,
2023-08-04,5.30392,5.30665,5.3091,,,3.7585,,
2023-08-07,5.301,5.30361,5.3065,,,3.80045,,
2023-08-08,5.30126,5.3043,5.30673,,,3.734,,
2023-08-09,5.301,5.30373,5.3066,,,3.72262,,
2023-08-10,5.298,5.3005,5.304,,,3.8205,,
2023-08-11,5.2988,5.3013,5.3045,,,3.862,,
2023-08-14,5.301,5.3039,5.30622,,,3.902,,
2023-08-15,5.3016,5.3042,5.3069,,,3.925,,
2023-08-16,5.30143,5.30417,5.3068,,,3.9575,,
2023-08-17,5.3013,5.3042,5.30655,,,3.99655,,
2023-08-18,5.3009,5.3034,5.3062,,,3.9815,,
2023-08-21,5.3001,5.3045,5.306,,,4.0655,,
2023-08-22,5.3,5.30217,5.3049,,,4.04181,,
2023-08-23,5.301,5.303,5.3055,,,3.90975,,
2023-08-24,5.3025,5.305,5.308,,,3.95455,,
2023-08-25,5.3038,5.3069,5.3125,,,3.946,,
2023-08-28,5.3034,5.3064,5.3093,,,3.91927,,
2023-08-29,5.301,5.3039,5.3066,,,3.84169,,
2023-08-30,5.3025,5.30539,5.31,,,3.83225,,
2023-08-31,5.3021,5.3049,5.3163,,,3.8165,,
2023-09-01,5.3052,5.3082,5.3166,,,3.88185,,
2023-09-05,5.3015,5.303,5.315,,,3.9595,,
2023-09-06,5.30455,5.3088,5.3185,,,3.9735,,
2023-09-07,5.3024,5.31145,5.3214,,,3.94805,,
2023-09-08,5.3012,5.31521,5.32346,,,3.9607,,
2023-09-11,5.29755,5.3162,5.32434,,,3.98455,,
2023-09-12,5.2984,5.31866,5.32666,,,3.972,,
2023-09-13,5.305,5.31645,5.32269,,,3.95,,
2023-09-14,5.31315,5.32014,5.323,,,3.9803,,
2023-09-15,5.31475,5.3182,5.3199,,,4.0185,,
2023-09-18,5.3109,5.3146,5.3174,,,3.98945,,
2023-09-19,5.313,5.3156,5.32,,,4.04525,,
2023-09-20,5.3083,5.312,5.3139,,,4.09195,,
2023-09-21,5.30801,5.3112,5.3137,,,4.191,,
2023-09-22,5.30927,5.3115,5.3142,,,4.131,,
2023-09-25,5.3092,5.3123,5.31526,,,4.23535,,
2023-09-26,5.30978,5.31252,5.31526,,,4.23685,,
2023-09-27,5.313,5.31252,5.31526,,,4.3021,,
2023-09-28,5.3105,5.3144,5.3155,,,4.27595,,
2023-09-29,5.30998,5.3125,5.3147,,,4.26555,,
2023-10-02,5.3082,5.3108,5.3135,,,4.37212,,
2023-10-03,5.312,5.3142,5.317,,,4.4915,,
2023-10-04,5.31073,5.31347,5.316,,,4.4335,,
2023-10-05,5.3106,5.3132,5.3159,,,4.423,,
2023-10-06,5.3097,5.3123,5.3149,,,4.51035,,
2023-10-10,5.3085,5.3119,5.3145,,,4.36725,,
2023-10-11,5.308,5.31116,5.31521,,,4.25605,,
2023-10-12,5.3081,5.311,5.3205,,,4.39695,,
2023-10-13,5.3042,5.3065,5.32012,,,4.307,,
2023-10-16,5.3075,5.311,5.322,,,4.39565,,
2023-10-17,5.3075,5.3104,5.3255,,,4.514,,
2023-10-18,5.30647,5.31,5.31921,,,4.5892,,
2023-10-19,5.305,5.31256,5.31882,,,4.659,,
2023-10-20,5.3025,5.31189,5.31664,,,4.5925,,
2023-10-23,5.3109,5.316,5.3198,,,4.52675,,
2023-10-24,5.3076,5.3151,5.3195,,,4.498,,
2023-10-25,5.3092,5.3165,5.3205,,,4.62585,,
2023-10-26,5.312,5.3153,5.3179,,,4.52025,,
2023-10-27,5.3066,5.3092,5.3119,,,4.508,,
2023-10-30,5.3095,5.312,5.3145,,,4.5541,,
2023-10-31,5.3113,5.314,5.3171,,,4.59045,,
2023-11-01,5.3122,5.3146,5.3173,,,4.4068,,
2023-11-02,5.3111,5.3135,5.31608,,,4.32175,,
2023-11-03,5.311,5.3131,5.3155,,,4.2452,,
2023-11-06,5.3106,5.3123,5.3147,,,4.299,,
2023-11-07,5.3101,5.3121,5.3139,,,4.2146,,
2023-11-08,5.311,5.3127,5.3165,,,4.1327,,
2023-11-09,5.3108,5.3125,5.3165,,,4.284,,
2023-11-10,5.31,5.3118,5.3145,,,4.308,,
2023-11-13,5.3125,5.3153,5.3179,,,4.3045,,
2023-11-14,5.3131,5.3149,5.3174,,,4.1275,,
2023-11-15,5.3154,5.3191,5.3213,,,4.21065,,
2023-11-16,5.3155,5.3185,5.321,,,4.1167,,
2023-11-17,5.3148,5.3169,5.3199,,,4.1105,,
2023-11-20,5.3149,5.316,5.3183,,,4.09105,,
2023-11-21,5.3155,5.3165,5.321,,,4.06685,,
2023-11-22,5.3159,5.323,5.32845,,,4.076,,
2023-11-23,5.3159,5.32,5.3285,,,4.075,,
2023-11-24,5.3155,5.324,5.33145,,,4.1345,,
2023-11-27,5.3209,5.3246,5.332,,,4.0533,,
2023-11-28,5.3204,5.3265,5.332,,,3.98105,,
2023-11-29,5.3195,5.3255,5.329,,,3.9049,,
2023-11-30,5.3194,5.3287,5.337,,,3.98055,,
2023-12-01,5.3215,5.3304,5.335,,,3.861,,
2023-12-04,5.3324,5.34125,5.3457,,,3.9,,
2023-12-05,5.3264,5.3491,5.3545,,,3.80548,,
2023-12-06,5.3234,5.3381,5.3475,,,3.7368,,
2023-12-07,5.3269,5.3447,5.351,,,3.77785,,
2023-12-08,5.3255,5.345,5.3475,,,3.85125,,
2023-12-11,5.3485,5.3535,5.357,,,3.85725,,
2023-12-12,5.3493,5.352,5.354,,,3.8273,,
2023-12-13,5.3475,5.3505,5.3514,,,3.6622,,
2023-12-14,5.3465,5.3505,5.3538,,,3.5464,,
2023-12-15,5.3454,5.353,5.3556,,,3.53155,,
2023-12-18,5.3427,5.351,5.3527,,,3.5541,,
2023-12-19,5.3434,5.3505,5.3545,,,3.551,,
2023-12-20,5.3337,5.3495,5.351,,,3.4685,,
2023-12-21,5.3581,5.3505,5.356,,,3.5076,,
2023-12-22,5.3575,5.354,5.3585,,,3.52575,,
2023-12-26,5.3645,5.3563,5.3586,,,3.525,,
2023-12-27,5.367,5.3565,5.3575,,,3.428,,
2023-12-28,5.3435,5.345,5.3534,,,3.4665,,
2023-12-29,5.3405,5.3431,5.346,,,3.487,,
2024-01-02,5.3385,5.3395,5.342,,,3.52685,,
2024-01-03,5.338,5.3404,5.34025,,,3.5374,,
2024-01-04,5.3312,5.333,5.3355,,,3.62462,,
2024-01-05,5.32655,5.331,5.3345,,,3.666,,
2024-01-08,5.326,5.3305,5.3315,,,3.6755,,
2024-01-09,5.3235,5.3265,5.3295,,,3.6574,,
2024-01-10,5.321,5.3252,5.32839,,,3.66225,,
2024-01-11,5.32329,5.32604,5.32803,,,3.6062,,
2024-01-12,5.321,5.32375,5.3285,,,3.5765,,
2024-01-16,5.322,5.3265,5.3299,,,3.697,,
2024-01-17,5.3235,5.3285,5.331,,,3.74194,,
2024-01-18,5.31825,5.324,5.32759,,,3.7882,,
2024-01-19,5.3145,5.32546,5.327,,,3.77565,,
2024-01-22,5.3172,5.32497,5.3277,,,3.7634,,
2024-01-23,5.3261,5.3267,5.3288,,,3.7887,,
2024-01-24,5.3265,5.3299,5.3311,,,3.835,,
2024-01-25,5.3243,5.3272,5.3303,,,3.7844,,
2024-01-26,5.3208,5.32323,5.32587,,,3.7965,,
2024-01-29,5.32,5.32199,5.32463,,,3.7384,,
2024-01-30,5.31695,5.3196,5.3222,,,3.6922,,
2024-01-31,5.3135,5.317,5.3193,,,3.5742,,
2024-02-01,5.31,5.313,5.3155,,,3.542,,
2024-02-02,5.312,5.3161,5.319,,,3.6737,,
2024-02-05,5.3135,5.316,5.31925,,,3.8002,,
2024-02-06,5.31,5.3131,5.316,,,3.7379,,
2024-02-07,5.30931,5.31205,5.3155,,,3.7622,,
2024-02-08,5.31285,5.3159,5.3185,,,3.805,,
2024-02-09,5.312,5.3145,5.318,,,3.8255,,
2024-02-12,5.31237,5.3145,5.31786,,,3.82755,,
2024-02-13,5.311,5.3145,5.31781,,,3.956,,
2024-02-14,5.312,5.315,5.31781,,,3.907,,
2024-02-15,5.305,5.30975,5.315,,,3.8832,,
2024-02-16,5.30778,5.3115,5.3155,,,3.92,,
2024-02-20,5.3098,5.31254,5.3176,,,3.9217,,
2024-02-21,5.3083,5.311,5.314,,,3.96,,
2024-02-22,5.3135,5.315,5.31795,,,3.9573,,
2024-02-23,5.31255,5.31529,5.3195,,,3.87385,,
2024-02-26,5.3135,5.3155,5.318,,,3.8956,,
2024-02-27,5.31162,5.31436,5.3171,,,3.9185,,
2024-02-28,5.31131,5.31404,5.31697,,,3.88601,,
2024-02-29,5.31331,5.31605,5.31914,,,3.8723,,
2024-03-01,5.31219,5.31493,5.3158,,,3.8076,,
2024-03-04,5.30885,5.31158,5.31611,,,3.8351,,
2024-03-05,5.31204,5.31478,5.3171,,,3.77295,,
2024-03-06,5.30681,5.30978,5.31353,,,3.7271,,
2024-03-07,5.31193,5.3136,5.3155,,,3.7125,,
2024-03-08,5.30763,5.317,5.32,,,3.70875,,
2024-03-11,5.30841,5.3181,5.32118,,,3.72885,,
2024-03-12,5.30272,5.3168,5.3216,,,3.7787,,
2024-03-13,5.30914,5.3204,5.32205,,,3.80935,,
2024-03-14,5.3096,5.3205,5.32214,,,3.90885,,
2024-03-15,5.3153,5.3205,5.3248,,,3.92,,
2024-03-18,5.317,5.3202,5.32461,,,3.938,,
2024-03-19,5.318,5.3255,5.32565,,,3.91795,,
2024-03-20,5.3191,5.3255,5.32565,,,3.9141,,
2024-03-21,5.3275,5.326,5.3275,,,3.90465,,
2024-03-22,5.32019,5.3243,5.3267,,,3.84088,,
2024-03-25,5.3268,5.326,5.3275,,,3.892,,
2024-03-26,5.3227,5.326,5.3231,,,3.8739,,
2024-03-27,5.3185,5.321,5.324,,,3.829,,
2024-03-28,5.3149,5.3175,5.3211,,,3.833,,
2024-03-29,5.3168,5.32,,,,,,
2024-04-01,5.3175,5.3205,5.323,,,3.937,,
2024-04-02,5.317,5.319,5.322,,,3.97145,,
2024-04-03,5.315,5.317,5.321,,,3.9715,,
2024-04-04,5.3119,5.31541,5.31816,,,3.941,,
2024-04-05,5.31372,5.317,5.3195,,,4.0221,,
2024-04-08,5.3127,5.3156,5.3189,,,4.03835,,
2024-04-09,5.313,5.316,5.319,,,3.98,,
2024-04-10,5.312,5.3154,5.3185,,,4.1523,,
2024-04-11,5.3139,5.317,5.3182,,,4.1975,,
2024-04-12,5.3095,5.31524,5.3156,,,4.1314,,
2024-04-15,5.3125,5.3165,5.3161,,,4.2064,,
2024-04-16,5.3125,5.316,5.31672,,,4.2719,,
2024-04-17,5.3117,5.314,5.31463,,,4.19835,,
2024-04-18,5.3125,5.31395,5.315,,,4.2388,,
2024-04-19,5.311,5.3105,5.312,,,4.226,,
2024-04-22,5.3119,5.31171,5.31315,,,4.21835,,
2024-04-23,5.3105,5.3115,5.3135,,,4.21905,,
2024-04-24,5.3106,5.3115,5.3135,,,4.2614,,
2024-04-25,5.311,5.3099,5.3125,,,4.3216,,
2024-04-26,5.3095,5.3085,5.3106,,,4.28325,,
2024-04-29,5.311,5.31,5.3125,,,4.2323,,
2024-04-30,5.3124,5.3152,5.3175,,,4.29771,,
2024-05-01,5.31568,5.316,5.319,,,4.2531,,
2024-05-02,5.3105,5.31377,5.3169,,,4.2061,,
2024-05-03,5.3104,5.3131,5.31585,,,4.1312,,
2024-05-06,5.3095,5.3125,5.315,,,4.1015,,
2024-05-07,5.31077,5.31351,5.31625,,,4.07445,,
2024-05-08,5.311,5.314,5.31675,,,4.11105,,
2024-05-09,5.3114,5.314,5.3177,,,4.0804,,
2024-05-10,5.31,5.312,5.3153,,,4.12145,,
2024-05-13,5.31015,5.3127,5.31563,,,4.114,,
2024-05-14,5.3105,5.313,5.31754,,,4.0682,,
2024-05-15,5.31,5.313,5.31733,,,3.978,,
2024-05-16,5.3117,5.315,5.31747,,,4.011,,
2024-05-17,5.311,5.3143,5.3175,,,4.0525,,
2024-05-20,5.3116,5.3155,5.318,,,4.07665,,
2024-05-21,5.31,5.31501,5.3175,,,4.0425,,
2024-05-22,5.31307,5.3165,5.31859,,,4.0513,,
2024-05-23,5.3177,5.318,5.32,,,4.10255,,
2024-05-24,5.3143,5.31635,5.32115,,,4.0794,,
2024-05-27,5.3143,5.315,5.3229,,,,,
2024-05-28,5.3125,5.315,5.32,,,4.175,,
2024-05-29,5.3152,5.3238,5.3226,,,4.2392,,
2024-05-30,5.3125,5.3191,5.324,,,4.17304,,
2024-05-31,5.3141,5.3185,5.3224,,,4.1253,,
2024-06-03,5.315,5.3188,5.32165,,,4.0185,,
2024-06-04,5.3049,5.31992,5.3212,,,3.9522,,
2024-06-05,5.31347,5.3179,5.3221,,,3.8968,,
2024-06-06,5.31595,5.3189,5.32345,,,3.90745,,
2024-06-07,5.31913,5.3231,5.3261,,,4.0439,,
2024-06-10,5.31957,5.32235,5.32505,,,4.0799,,
2024-06-11,5.3215,5.3235,5.3261,,,4.0179,,
2024-06-12,5.32215,5.3249,5.32825,,,3.93895,,
2024-06-13,5.32375,5.327,5.33,,,3.8413,,
2024-06-14,5.3275,5.3351,5.3365,,,3.809,,
2024-06-17,5.3293,5.3363,5.339,,,3.8754,,
2024-06-18,5.3286,5.33779,5.339,,,3.81556,,
2024-06-19,5.3289,5.3341,5.339,,,3.817,,
2024-06-20,5.33503,5.338,5.3405,,,3.858,,
2024-06-21,5.33436,5.3405,5.3415,,,3.8525,,
2024-06-24,5.344,5.342,5.34035,,,3.81903,,
2024-06-25,5.3406,5.3425,5.3413,,,3.83625,,
2024-06-26,5.33222,5.34205,5.3409,,,3.9188,,
2024-06-27,5.3276,5.33035,5.33312,,,3.8745,,
2024-06-28,5.3259,5.3291,5.3321,,,3.97781,,
2024-07-01,5.3263,5.328,5.3314,,,4.0458,,
2024-07-02,5.32745,5.3299,5.3323,,,4.01345,,
2024-07-03,5.32415,5.32615,5.3286,,,3.9405,,
2024-07-04,5.32422,5.327,5.3297,,,,,
2024-07-05,5.32,5.32275,5.3239,,,3.86345,,
2024-07-08,5.316,5.3185,5.3215,,,3.8656,,
2024-07-09,5.32,5.32341,5.32616,,,3.8855,,
2024-07-10,5.32276,5.3257,5.32813,,,3.87052,,
2024-07-11,5.32568,5.32844,5.32721,,,3.78763,,
2024-07-12,5.32801,5.3308,5.33103,,,3.7625,,
2024-07-15,5.33853,5.3413,5.33953,,,3.80635,,
2024-07-16,5.33742,5.341,5.3395,,,3.7377,,
2024-07-17,5.33664,5.34,5.342,,,3.7408,,
2024-07-18,5.33675,5.34,5.34215,,,3.7852,,
2024-07-19,5.33745,5.338,5.342,,,3.816,,
2024-07-22,5.34063,5.34045,5.3435,,,3.8302,,
2024-07-23,5.336,5.338,5.3413,,,3.8321,,
2024-07-24,5.34192,5.3405,5.34336,,,3.8555,,
2024-07-25,5.33874,5.3375,5.34,,,3.8092,,
2024-07-26,5.3362,5.336,5.33755,,,3.77284,,
2024-07-29,5.3355,5.33685,5.337,,,3.75685,,
2024-07-30,5.33,5.3329,5.3355,,,3.721,,
2024-07-31,5.3392,5.34185,5.3455,,,3.627,,
2024-08-01,5.3305,5.3336,5.33645,,,3.57785,,
2024-08-02,5.313,5.316,5.32075,,,3.3896,,
2024-08-05,5.30255,5.3095,5.304,,,3.38245,,
2024-08-06,5.31403,5.3158,5.319,,,3.48216,,
2024-08-07,5.319,5.3228,5.3195,,,3.52875,,
2024-08-08,5.3317,5.338,5.3377,,,3.56425,,
2024-08-09,5.32881,5.333,5.33783,,,3.51735,,
2024-08-12,5.3309,5.33185,5.3355,,,3.488,,
2024-08-13,5.3285,5.33,5.336,,,3.43419,,
2024-08-14,5.334,5.33486,5.3395,,,3.4271,,
2024-08-15,5.33342,5.33758,5.3405,,,3.49535,,
2024-08-16,5.33271,5.3385,5.33843,,,3.467,,
2024-08-19,5.3295,5.33755,5.34055,,,3.4481,,
2024-08-20,5.33518,5.3407,5.34412,,,3.38475,,
2024-08-21,5.33591,5.34205,5.34677,,,3.3932,,
2024-08-22,5.34029,5.3442,5.3473,,,3.4404,,
2024-08-23,5.3412,5.3462,5.3497,,,3.39495,,
2024-08-26,5.3465,5.351,5.35165,,,3.40195,,
2024-08-27,5.3449,5.34905,5.3525,,,3.409,,
2024-08-28,5.34921,5.35065,5.3355,,,3.4219,,
2024-08-29,5.3474,5.3502,5.2765,,,3.43635,,
2024-08-30,5.3355,5.3385,5.25281,,,3.47115,,
2024-09-02,5.342,5.34395,5.2575,,,,,
2024-09-03,5.3418,5.344,5.237,,,3.402,,
2024-09-04,5.33904,5.31751,5.21327,,,3.3304,,
2024-09-05,5.3406,5.24694,5.1685,,,3.3016,,
2024-09-06,5.34723,5.236,5.1719,,,3.28365,,
2024-09-09,5.344,5.21361,5.1575,,,3.26655,,
2024-09-10,5.34112,5.18654,5.13665,,,3.2158,,
2024-09-11,5.29992,5.18631,5.1515,,,3.225,,
2024-09-12,5.1555,5.08963,5.0682,,,3.24445,,
2024-09-13,5.0975,5.05545,5.03908,,,3.2315,,
2024-09-16,5.0035,4.9775,4.9685,,,3.19645,,
2024-09-17,4.9528,4.95535,4.9574,,,3.22655,,
2024-09-18,4.85,4.85425,4.85775,,,3.2866,,
2024-09-19,4.847,4.8503,4.8534,,,3.2995,,
2024-09-20,4.8476,4.8505,4.8522,,,3.3326,,
2024-09-23,4.855,4.8535,4.8545,,,3.341,,
2024-09-24,4.8635,4.8564,4.8567,,,3.3191,,
2024-09-25,4.8499,4.8479,4.8455,,,3.367,,
2024-09-26,4.8456,4.845,4.8451,,,3.3729,,
2024-09-27,4.8405,4.84835,4.8474,,,3.338,,
2024-09-30,4.8482,4.8505,4.8528,,,3.3572,,
2024-10-01,4.8493,4.8539,4.85536,,,3.3078,,
2024-10-02,4.8507,4.8487,4.85098,,,3.35995,,
2024-10-03,4.8355,4.837,4.8395,,,3.4171,,
2024-10-04,4.8355,4.8375,4.84,,,3.5258,,
2024-10-07,4.84,4.84301,4.8445,,,3.59025,,
2024-10-08,4.842,4.84641,4.84802,,,3.57625,,
2024-10-09,4.84,4.84319,4.8455,,,3.63553,,
2024-10-10,4.8405,4.843,4.846,,,3.6273,,
2024-10-11,4.839,4.8412,4.8435,,,3.66285,,
2024-10-14,4.839,4.8412,4.8435,,,,,
2024-10-15,4.842,4.8455,4.85,,,3.59465,,
2024-10-16,4.84859,4.851,4.851,,,3.5809,,
2024-10-17,4.8505,4.8532,4.8177,,,3.65655,,
2024-10-18,4.849,4.8512,4.8135,,,3.65442,,
2024-10-21,4.848,4.8595,4.8065,,,3.7651,,
2024-10-22,4.849,4.8535,4.7915,,,3.77005,,
2024-10-23,4.8558,4.859,4.7852,,,3.8041,,
2024-10-24,4.856,4.7971,4.7485,,,3.76725,,
2024-10-25,4.856,4.7886,4.7333,,,3.7918,,
2024-10-28,4.853,4.7745,4.71763,,,3.8231,,
2024-10-29,4.853,4.749,4.7035,,,3.7947,,
2024-10-30,4.837,4.7291,4.6935,,,3.82655,,
2024-10-31,4.72698,4.68077,4.66152,,,3.79345,,
2024-11-01,4.7045,4.6584,4.64315,,,3.888,,
2024-11-04,4.6598,4.63403,4.6295,,,3.7912,,
2024-11-05,4.63058,4.61723,4.61435,,,3.7724,,
2024-11-06,4.5935,4.5965,4.5985,,,3.95555,,
2024-11-07,4.59129,4.59386,4.59741,,,3.8679,,
2024-11-08,4.5928,4.5948,4.5969,,,3.84775,,
2024-11-11,4.5915,4.5935,4.5985,,,,,
2024-11-12,4.5978,4.6001,4.6035,,,3.9365,,
2024-11-13,4.5904,4.59773,4.603,,,3.96125,,
2024-11-14,4.59307,4.59494,4.5989,,,3.9434,,
2024-11-15,4.5918,4.6009,4.59935,,,3.9468,,
2024-11-18,4.5928,4.5979,4.60095,,,3.92915,,
2024-11-19,4.593,4.59495,4.59717,,,3.915,,
2024-11-20,4.583,4.59117,4.59495,,,3.92695,,
2024-11-21,4.5938,4.5958,4.59531,,,3.93615,,
2024-11-22,4.59402,4.603,4.6019,,,3.9145,,
2024-11-25,4.59922,4.5958,4.5956,,,3.812,,
2024-11-26,4.5967,4.6014,4.597,,,3.85875,,
2024-11-27,4.59212,4.59418,4.56838,,,3.8074,,
2024-11-28,4.5945,4.5965,4.5705,,,3.8065,,
2024-11-29,4.58975,4.59311,4.56065,,,3.72209,,
2024-12-02,4.5992,4.59435,4.5493,,,3.7374,,
2024-12-03,4.58875,4.5902,4.54111,,,3.7665,,
2024-12-04,4.59086,4.58025,4.52753,,,3.7223,,
2024-12-05,4.59091,4.545,4.5075,,,3.7158,,
2024-12-06,4.5875,4.5244,4.49,,,3.6931,,
2024-12-09,4.58965,4.5074,4.48788,,,3.73675,,
2024-12-10,4.6019,4.4945,4.48149,,,3.7552,,
2024-12-11,4.55692,4.4636,4.44776,,,3.80334,,
2024-12-12,4.4657,4.427,4.413,,,3.86055,,
2024-12-13,4.41953,4.40488,4.39321,,,3.92165,,
2024-12-16,4.3871,4.3945,4.39495,,,3.9279,,
2024-12-17,4.3613,4.3825,4.38595,,,3.932,,
2024-12-18,4.326,4.3611,4.36185,,,4.0314,,
2024-12-19,4.3265,4.367,4.3498,,,4.0812,,
2024-12-20,4.33098,4.366,4.3491,,,4.04855,,
2024-12-23,4.4033,4.3605,4.3469,,,4.1161,,
2024-12-24,4.415,4.3701,4.368,,,4.1136,,
2024-12-26,4.4193,4.4043,4.3656,,,4.1122,,
2024-12-27,4.4021,4.37636,4.3584,,,4.159,,
2024-12-30,4.33498,4.349,4.33863,,,4.0686,,
2024-12-31,4.3275,4.3245,4.3255,,,4.094,,
2025-01-01,,4.33076,,,,,,
2025-01-02,4.3163,4.3171,4.317,,,4.08475,,
2025-01-03,4.3075,4.30937,4.31115,,,4.1159,,
2025-01-06,4.2971,4.29719,4.299,,,4.1694,,
2025-01-07,4.29716,4.3011,4.3008,,,4.22425,,
2025-01-08,4.2971,4.3018,4.30555,,,4.23415,,
2025-01-09,4.3,4.30482,4.3065,,,4.22775,,
2025-01-10,4.29738,4.30402,4.30456,,,4.28805,,
2025-01-13,4.3007,4.30292,4.30653,,,4.3168,,
2025-01-14,4.2964,4.2995,4.30024,,,4.3376,,
2025-01-15,4.29232,4.29409,4.2975,,,4.21315,,
2025-01-16,4.29323,4.29657,4.29987,,,4.18298,,
2025-01-17,4.2915,4.29751,4.303,,,4.19525,,
2025-01-20,4.2873,4.2973,4.2989,,,,,
2025-01-21,4.2915,4.29954,4.30378,,,4.1458,,
2025-01-22,4.319,4.3186,4.3144,,,4.16585,,
2025-01-23,4.3322,4.32,4.3169,,,4.193,,
2025-01-24,4.31979,4.31478,4.31431,,,4.1791,,
2025-01-27,4.3335,4.3147,4.31645,,,4.0938,,
2025-01-28,4.3355,4.3179,4.31366,,,4.09285,,
2025-01-29,4.3069,4.3135,4.31415,,,4.0908,,
2025-01-30,4.31124,4.31316,4.31003,,,4.084,,
2025-01-31,4.31207,4.31277,4.31023,,,4.10977,,
2025-02-03,4.30559,4.30546,4.30446,,,4.1236,,
2025-02-04,4.3167,4.3112,4.309,,,4.07569,,
2025-02-05,4.31075,4.31232,4.31135,,,3.99511,,
2025-02-06,4.31434,4.31055,4.3145,,,4.022,,
2025-02-07,4.31837,4.3142,4.31988,,,4.098,,
2025-02-10,4.3144,4.31328,4.3161,,,4.09501,,
2025-02-11,4.3135,4.31491,4.31916,,,4.1379,,
2025-02-12,4.31118,4.31196,4.31709,,,4.25823,,
2025-02-13,4.30929,4.31353,4.314,,,4.175,,
2025-02-14,4.3104,4.31293,4.3146,,,4.10717,,
2025-02-17,4.3123,4.3134,4.3149,,,,,
2025-02-18,4.31662,4.3236,4.32091,,,4.1704,,
2025-02-19,4.325,4.322,4.3245,,,4.17233,,
2025-02-20,4.32201,4.32382,4.3185,,,4.1361,,
2025-02-21,4.3184,4.3192,4.3207,,,4.0625,,
2025-02-24,4.32509,4.32433,4.32493,,,4.03054,,
2025-02-25,4.3232,4.32789,4.32762,,,3.9135,,
2025-02-26,4.3238,4.3234,4.324,,,3.87013,,
2025-02-27,4.32463,4.32866,4.32747,,,3.8703,,
2025-02-28,4.32785,4.32967,4.32139,,,3.8214,,
2025-03-03,4.3173,4.32711,4.31543,,,3.77376,,
2025-03-04,4.3243,4.32193,4.3208,,,3.8506,,
2025-03-05,4.33703,4.33684,4.32635,,,3.889,,
2025-03-06,4.33907,4.3304,4.3245,,,3.88885,,
2025-03-07,4.33742,4.33088,4.3287,,,3.90462,,
2025-03-10,4.33003,4.32751,4.3245,,,3.812,,
2025-03-11,4.3253,4.32,4.323,,,3.88004,,
2025-03-12,4.3214,4.31684,4.31972,,,3.924,,
2025-03-13,4.32035,4.31353,4.31762,,,3.88995,,
2025-03-14,4.31812,4.324,4.32049,,,3.9403,,
2025-03-17,4.3153,4.31865,4.3225,,,3.92889,,
2025-03-18,4.3178,4.32164,4.3225,,,3.9101,,
2025-03-19,4.31263,4.31957,4.32149,,,3.8725,,
2025-03-20,4.31189,4.3215,4.32005,,,3.85387,,
2025-03-21,4.3285,4.32226,4.32318,,,3.85969,,
2025-03-24,4.33188,4.32638,4.3256,,,3.94045,,
2025-03-25,4.34838,4.33199,4.33357,,,3.9208,,
2025-03-26,4.35502,4.33252,4.33044,,,3.9461,,
2025-03-27,4.32943,4.32593,4.32326,,,3.96005,,
2025-03-28,4.3179,4.3162,4.31768,,,3.848,,
2025-03-31,4.3178,4.32038,4.31802,,,3.8092,,
2025-04-01,4.3156,4.319,4.3155,,,3.7775,,
2025-04-02,4.3155,4.3219,4.322,,,3.743,,
2025-04-03,4.3121,4.3123,4.3136,,,3.6214,,
2025-04-04,4.294,4.2945,4.2958,,,3.56615,,
2025-04-07,4.3158,4.31621,4.31814,,,3.71775,,
2025-04-08,4.3261,4.3277,4.33123,,,3.7607,,
2025-04-09,4.3511,4.3551,4.35344,,,3.86546,,
2025-04-10,4.3273,4.33,4.332,,,3.93045,,
2025-04-11,4.3418,4.34119,4.34367,,,3.99295,,
2025-04-14,4.33781,4.34067,4.3455,,,3.92915,,
2025-04-15,4.3351,4.33585,4.34028,,,3.8822,,
2025-04-16,4.33,4.3321,4.3305,,,3.8271,,
2025-04-17,4.3305,4.33402,4.3315,,,3.87435,,
2025-04-18,,,4.3315,,,,,
2025-04-21,4.3368,4.3415,4.33229,,,3.92314,,
2025-04-22,4.33326,4.33569,4.33,,,3.92875,,
2025-04-23,4.32842,4.3325,4.3245,,,3.9215,,
2025-04-24,4.32701,4.3255,4.32401,,,3.8802,,
2025-04-25,4.33662,4.32716,4.32268,,,3.79911,,
2025-04-28,4.35094,4.3339,4.3255,,,3.7746,,
2025-04-29,4.35084,4.32866,4.31873,,,3.7335,,
2025-04-30,4.34164,4.32899,4.32545,,,3.72052,,
2025-05-01,4.32503,4.32037,4.31922,,,3.7739,,
2025-05-02,4.32588,4.32314,4.33,,,3.84765,,
2025-05-05,4.32324,4.32343,4.32359,,,3.88768,,
2025-05-06,4.32163,4.3229,4.3254,,,3.83397,,
2025-05-07,4.32035,4.3174,4.31662,,,3.8142,,
2025-05-08,4.3157,4.3195,4.32088,,,3.9219,,
2025-05-09,4.31228,4.31253,4.32307,,,3.92492,,
2025-05-12,4.3198,4.3155,4.32551,,,4.02735,,
2025-05-13,4.32061,4.32242,4.32585,,,4.0146,,
2025-05-14,4.31906,4.32088,4.32274,,,4.08225,,
2025-05-15,4.3118,4.3196,4.32064,,,3.98615,,
2025-05-16,4.31203,4.31383,4.318,,,4.029,,
2025-05-19,4.30924,4.32006,4.32043,,,3.98376,,
2025-05-20,4.30476,4.3124,4.3146,,,4.01965,,
2025-05-21,4.3058,4.312,4.3153,,,4.10685,,
2025-05-22,4.31593,4.30874,4.31592,,,4.062,,
2025-05-23,4.3102,4.318,4.317,,,4.03055,,
2025-05-27,4.3206,4.3192,4.32008,,,3.9715,,
2025-05-28,4.31288,4.31767,4.31948,,,4.00385,,
2025-05-29,4.3104,4.3105,4.31209,,,3.9525,,
2025-05-30,4.3072,4.309,4.30857,,,3.945,,
2025-06-02,4.30667,4.30881,4.30636,,,3.9848,,
2025-06-03,4.30303,4.30507,4.3088,,,4.0118,,
2025-06-04,4.298,4.3,4.30235,,,3.92684,,
2025-06-05,4.2975,4.2995,4.30404,,,3.95495,,
2025-06-06,4.29606,4.2985,4.30862,,,4.0541,,
2025-06-09,4.2945,4.3005,4.31082,,,4.03055,,
2025-06-10,4.29439,4.301,4.3065,,,4.02343,,
2025-06-11,4.28641,4.298,4.31055,,,3.98607,,
2025-06-12,4.298,4.30433,4.31116,,,3.92346,,
2025-06-13,4.2992,4.30678,4.31277,,,3.94395,,
2025-06-16,4.30765,4.3137,4.31913,,,3.9975,,
2025-06-17,4.3112,4.31707,4.31922,,,3.9435,,
2025-06-18,4.31366,4.3153,4.31936,,,3.9343,,
2025-06-19,4.3135,4.3159,4.31936,,,3.9363,,
2025-06-20,4.3116,4.315,4.32031,,,3.921,,
2025-06-23,4.3143,4.3181,4.32343,,,3.8884,,
2025-06-24,4.32404,4.32273,4.32456,,,3.8313,,
2025-06-25,4.3332,4.32497,4.32987,,,3.82785,,
2025-06-26,4.3303,4.3248,4.32481,,,3.78285,,
2025-06-27,4.31796,4.31955,4.32066,,,3.82253,,
2025-06-30,4.33102,4.33058,4.33069,,,3.77836,,
2025-07-01,4.3316,4.3321,4.33065,,,3.801,,
2025-07-02,4.32683,4.32781,4.3305,,,3.82955,,
2025-07-03,4.32575,4.326,4.328,,,3.8901,,
2025-07-07,4.32087,4.32268,4.329,,,3.9193,,
2025-07-08,4.33221,4.3322,4.33419,,,3.94151,,
2025-07-09,4.33327,4.33231,4.337,,,3.87695,,
2025-07-10,4.32855,4.3295,4.33446,,,3.893,,
2025-07-11,4.32545,4.32617,4.33223,,,3.949,,
2025-07-14,4.32642,4.32831,4.33671,,,3.9725,,
2025-07-15,4.3321,4.33275,4.3438,,,4.01735,,
2025-07-16,4.3339,4.335,4.34215,,,3.99372,,
2025-07-17,4.3321,4.34267,4.34831,,,3.99815,,
2025-07-18,4.32309,4.33554,4.33782,,,3.9682,,
2025-07-21,4.329,4.34216,4.34194,,,3.937,,
2025-07-22,4.3378,4.3423,4.34512,,,3.91416,,
2025-07-23,4.34845,4.3454,4.34742,,,3.946,,
2025-07-24,4.3561,4.356,4.35572,,,3.959,,
2025-07-25,4.36085,4.355,4.356,,,3.9599,,
2025-07-28,4.3511,4.35276,4.3505,,,3.97665,,
2025-07-29,4.3486,4.34534,4.3443,,,3.89155,,
2025-07-30,4.351,4.3446,4.34441,,,3.93239,,
2025-07-31,4.3289,4.3392,4.33656,,,3.935,,
2025-08-01,4.3227,4.331,4.33254,,,3.8116,,
2025-08-04,4.33338,4.33241,4.33531,,,3.77288,,
2025-08-05,4.3347,4.33854,4.34201,,,3.7833,,
2025-08-06,4.334,4.342,4.34441,,,3.8135,,
2025-08-07,4.3412,4.34303,4.3555,,,3.822,,
2025-08-08,4.3428,4.35175,4.35447,,,3.85324,,
2025-08-11,4.3442,4.343,4.35907,,,3.86215,,
2025-08-12,4.34643,4.347,4.36,,,3.8655,,
2025-08-13,4.3397,4.341,4.3565,,,3.81665,,
2025-08-14,4.3338,4.356,4.35818,,,3.8665,,
2025-08-15,4.3444,4.35851,4.36123,,,3.90244,,
2025-08-18,4.3445,4.361,4.3622,,,3.9135,,
2025-08-19,4.34569,4.3547,4.36038,,,3.88765,,
2025-08-20,4.3351,4.3584,4.36032,,,3.8799,,
2025-08-21,4.3722,4.3722,4.37492,,,3.9084,,
2025-08-22,4.3871,4.38114,4.3765,,,3.84306,,
2025-08-25,4.3889,4.387,4.38294,,,3.86359,,
2025-08-26,4.3968,4.3935,4.38893,,,3.85091,,
2025-08-27,4.37962,4.3755,4.365,,,3.82721,,
2025-08-28,4.3584,4.3601,4.31567,,,3.7914,,
2025-08-29,4.3646,4.3665,4.30338,,,3.8185,,
2025-09-01,4.3681,4.3732,,,,,,
2025-09-02,4.3485,4.365,4.2893,,,3.8448,,
2025-09-03,4.3559,4.35294,4.2815,,,3.80217,,
2025-09-04,4.365,4.30518,4.25019,,,3.7506,,
2025-09-05,4.3779,4.2861,4.22783,,,3.6674,,
2025-09-08,4.3843,4.2705,4.22457,,,3.6245,,
2025-09-09,4.39102,4.25547,4.22041,,,3.6755,,
2025-09-10,4.3637,4.23585,4.21635,,,3.6365,,
2025-09-11,4.2395,4.1872,4.17547,,,3.60429,,
2025-09-12,4.2144,4.1857,4.1821,,,3.6412,,
2025-09-15,4.16601,4.166,4.15924,,,3.61845,,
2025-09-16,4.1199,4.14496,4.13996,,,3.61305,,
2025-09-17,4.1319,4.15768,4.15271,,,3.67609,,
2025-09-18,4.1502,4.17619,4.16481,,,3.6947,,
2025-09-19,4.1547,4.17084,4.165,,,3.7165,,
2025-09-22,4.1799,4.1746,4.169,,,3.7379,,
2025-09-23,4.1772,4.1649,4.1685,,,3.69635,,
2025-09-24,4.1866,4.1803,4.1785,,,3.7355,,
2025-09-25,4.1898,4.1738,4.17059,,,3.77045,,
2025-09-26,4.19524,4.1759,4.16704,,,3.782,,
2025-09-29,4.1618,4.1521,4.15034,,,3.75191,,
2025-09-30,4.15007,4.15466,4.15319,,,3.75873,,
2025-10-01,4.157,4.15353,4.153,,,3.71375,,
2025-10-02,4.1556,4.15476,4.1606,,,3.7017,,
2025-10-03,4.1522,4.15311,4.1535,,,3.73167,,
2025-10-06,4.154,4.1515,4.15431,,,3.76939,,
2025-10-07,4.15,4.147,4.1515,,,3.75947,,
2025-10-08,4.1455,4.1565,4.14079,,,3.74635,,
2025-10-09,4.14653,4.148,4.10294,,,3.76435,,
2025-10-10,4.1611,4.1595,4.09628,,,3.65565,,
2025-10-13,4.1663,4.1603,,,,,,
2025-10-14,4.16045,4.16894,4.09851,,,3.6848,,
2025-10-15,4.2156,4.17943,4.10786,,,3.67347,,
2025-10-16,4.19807,4.12979,4.0678,,,3.6196,,
2025-10-17,4.2008,4.10772,4.0441,,,3.6487,,
2025-10-20,4.18225,4.09233,4.04357,,,3.6208,,
2025-10-21,4.2465,4.1116,4.05688,,,3.60865,,
2025-10-22,4.20628,4.1,4.05,,,3.61165,,
2025-10-23,4.12019,4.03448,4.00618,,,3.667,,
2025-10-24,4.0862,4.0197,3.99802,,,3.6711,,
2025-10-27,4.0571,4.0033,3.9863,,,3.65545,,
2025-10-28,3.9971,3.9672,3.96089,,,3.64876,,
2025-10-29,4.0487,4.0074,3.99939,,,3.73775,,
2025-10-30,3.9835,3.982,3.98544,,,3.7658,,
2025-10-31,3.9867,3.99563,3.98649,,,3.75517,,
2025-11-03,3.9862,3.99307,3.99057,,,3.78541,,
2025-11-04,3.974,3.97581,3.97767,,,3.7596,,
2025-11-05,3.947,3.95717,3.95929,,,3.82151,,
2025-11-06,3.94262,3.94771,3.96059,,,3.7467,,
2025-11-07,3.95143,3.95174,3.9674,,,3.7637,,
2025-11-10,3.9645,3.969,3.9766,,,3.78245,,
2025-11-11,3.9619,3.9703,3.9765,,,3.783,,
2025-11-12,3.9713,3.96904,3.98662,,,3.7593,,
2025-11-13,3.9738,3.986,3.98869,,,3.79189,,
2025-11-14,3.97358,3.9955,3.98576,,,3.8146,,
2025-11-17,3.96421,3.99193,3.99002,,,3.8048,,
2025-11-18,3.9717,3.9884,3.98539,,,3.77935,,
2025-11-19,3.9645,3.9861,3.98224,,,3.8061,,
2025-11-20,4.0017,4.0031,3.98197,,,3.75875,,
2025-11-21,4.0569,4.02519,3.981,,,3.74755,,
2025-11-24,4.04331,4.03531,3.97041,,,3.71302,,
2025-11-25,4.06211,4.02248,3.94216,,,3.69625,,
2025-11-26,4.0557,3.9698,3.9005,,,3.69709,,
2025-11-27,4.0466,3.9687,,,,3.697,,
2025-11-28,4.034,3.9529,3.8825,,,3.721,,
2025-12-01,4.0127,3.90027,3.845,,,3.78875,,
2025-12-02,3.9836,3.8622,3.8178,,,3.7886,,
2025-12-03,3.9158,3.8331,3.79877,,,3.7677,,
2025-12-04,3.8359,3.7849,3.7903,,,3.7989,,
2025-12-05,3.80841,3.78,3.7966,,,3.84235,,
2025-12-08,3.7865,3.7635,3.7809,,,3.86648,,
2025-12-09,3.7565,3.7525,3.7935,,,3.8866,,
2025-12-10,3.7081,3.7171,3.7625,,,3.8621,,
2025-12-11,3.7102,3.7212,3.7596,,,3.86163,,
2025-12-12,3.7024,3.7446,3.7755,,,3.88625,,
2025-12-15,3.7046,3.7407,3.77,,,3.88805,,
2025-12-16,3.704,3.75933,3.7695,,,3.86766,,
2025-12-17,3.695,3.7593,3.7565,,,3.8854,,
2025-12-18,3.7065,3.8,3.771,,,3.8581,,
2025-12-19,3.7396,3.808,3.7625,,,3.8783,,
2025-12-22,3.7904,3.819,3.778,,,3.894,,
2025-12-23,3.84422,3.8015,3.7645,,,3.8987,,
2025-12-24,3.8745,3.7855,3.7485,,,3.8773,,
2025-12-25,,3.7855,,,,,,
2025-12-26,3.8726,3.7758,3.7449,,,3.874,,
2025-12-29,3.8651,3.7603,3.7225,,,3.8638,,
2025-12-30,3.69525,3.68934,3.68653,,,3.8803,,
2025-12-31,3.67639,3.672,3.6839,,,3.91825,,
2026-01-02,3.669,3.6775,3.67703,,,3.9333,,
2026-01-05,3.6685,3.67686,3.678,,,3.9049,,
2026-01-06,3.668,3.67595,3.68,,,3.91548,,
2026-01-07,3.6773,3.6756,3.6778,,,3.8902,,
2026-01-08,3.6637,3.6742,3.6815,,,3.9118,,
2026-01-09,3.665,3.66557,3.67903,,,3.90795,,
2026-01-12,3.6717,3.6716,3.68281,,,3.9276,,
2026-01-13,3.65395,3.66213,3.679,,,3.937,,
2026-01-14,3.65076,3.6614,3.6735,,,3.9015,,
2026-01-15,3.6485,3.66965,3.673,,,3.9378,,
2026-01-16,3.64538,3.67195,3.6715,,,3.9675,,
2026-01-19,3.6497,3.6704,,,,,,
2026-01-20,3.66154,3.68178,3.67395,,,4.01425,,
2026-01-21,3.6586,3.6773,3.6702,,,3.9878,,
2026-01-22,3.6795,3.67655,3.6715,,,3.9933,,
2026-01-23,3.6842,3.68,3.67329,,,3.97485,,
2026-01-26,3.69674,3.6734,3.674,,,3.96085,,
2026-01-27,3.6932,3.6769,3.6725,,,3.97625,,
2026-01-28,3.6822,3.6719,3.669,,,3.97765,,
2026-01-29,3.6626,3.6615,3.66281,,,3.96163,,
2026-01-30,3.66205,3.6595,3.6615,,,3.9569,,
2026-02-02,3.664,3.66,3.66477,,,3.993,,
2026-02-03,3.659,3.662,3.6635,,,3.97313,,
2026-02-04,3.6601,3.6633,3.6585,,,3.9825,,
2026-02-05,3.64788,3.65257,3.66174,,,3.8745,,
2026-02-06,3.6536,3.6559,3.6624,,,3.90855,,
2026-02-09,3.6568,3.648,3.6617,,,3.90505,,
2026-02-10,3.64775,3.64833,3.6589,,,3.8504,,
2026-02-11,3.651,3.65037,3.6597,,,3.87425,,
2026-02-12,3.6576,3.6681,3.6615,,,3.7929,,
2026-02-13,3.64525,3.66489,3.6597,,,3.7485,,
2026-02-16,3.6563,3.6634,,,,,,
2026-02-17,3.6508,3.6721,3.67,,,3.75452,,
2026-02-18,3.663,3.6745,3.676,,,3.7795,,
2026-02-19,3.6857,3.6751,3.6723,,,3.75925,,
2026-02-20,3.68615,3.6738,3.6725,,,3.7682,,
2026-02-23,3.6944,3.679,3.67572,,,3.7137,,
2026-02-24,3.6838,3.6755,3.6745,,,3.70481,,
2026-02-25,3.6793,3.6691,3.667,,,3.7216,,
